accuracy,bath_type,bed_type,unit_type,checkin,cleanliness,communication,guest_satisfaction,is_superhost,latitude,location,longitude,num_baths,num_beds,num_guests,num_host_reviews,num_reviews,num_rooms,price,rating,response_time_shown,room_id,room_type,short_desc,value,url,site,sq_ft,min_nights,row_number,content
10,bath,beds,Studio,10,10,10,95,NA,38.03633,10,-78.49413,1,0,3,NA,461,0,95,5,NA,10225093,NA,NA,10,https://www.airbnb.com/rooms/10225093,AirBnB,NA,NA,1,"<a href='https://www.airbnb.com/rooms/10225093'>AirBnB--10225093</a>
<br>
row-num:1"
10,shared baths,bed,bedroom,10,10,10,98,NA,38.01729,10,-78.49419,1.5,1,2,NA,144,1,55.85,5,NA,10710588,NA,NA,10,https://www.airbnb.com/rooms/10710588,AirBnB,NA,NA,2,"<a href='https://www.airbnb.com/rooms/10710588'>AirBnB--10710588</a>
<br>
row-num:2"
10,bath,bed,Studio,10,10,10,97,NA,38.02072,10,-78.47595,1,1,2,NA,139,0,99,5,NA,10983225,NA,NA,10,https://www.airbnb.com/rooms/10983225,AirBnB,NA,NA,3,"<a href='https://www.airbnb.com/rooms/10983225'>AirBnB--10983225</a>
<br>
row-num:3"
10,shared bath,bed,bedroom,10,10,10,98,NA,38.01857,10,-78.49555,1,1,2,NA,194,1,55.88235294117647,5,NA,11557016,NA,NA,10,https://www.airbnb.com/rooms/11557016,AirBnB,NA,NA,4,"<a href='https://www.airbnb.com/rooms/11557016'>AirBnB--11557016</a>
<br>
row-num:4"
10,bath,beds,bedroom,10,10,10,100,NA,38.03833,10,-78.51324,1,2,4,NA,42,1,147.5,5,NA,11733216,NA,NA,10,https://www.airbnb.com/rooms/11733216,AirBnB,NA,NA,5,"<a href='https://www.airbnb.com/rooms/11733216'>AirBnB--11733216</a>
<br>
row-num:5"
10,bath,beds,bedrooms,10,10,10,97,NA,38.04001,10,-78.49236,1,2,4,NA,287,2,180,5,NA,1186869,NA,NA,10,https://www.airbnb.com/rooms/1186869,AirBnB,NA,NA,6,"<a href='https://www.airbnb.com/rooms/1186869'>AirBnB--1186869</a>
<br>
row-num:6"
10,baths,beds,bedrooms,10,10,10,97,NA,38.01894,10,-78.49239,2.5,5,2,NA,37,4,199,5,NA,11926883,NA,NA,10,https://www.airbnb.com/rooms/11926883,AirBnB,NA,NA,7,"<a href='https://www.airbnb.com/rooms/11926883'>AirBnB--11926883</a>
<br>
row-num:7"
10,bath,bed,bedroom,10,10,10,96,NA,38.03375,10,-78.48037,1,1,2,NA,38,1,162,5,NA,12125053,NA,NA,10,https://www.airbnb.com/rooms/12125053,AirBnB,NA,NA,8,"<a href='https://www.airbnb.com/rooms/12125053'>AirBnB--12125053</a>
<br>
row-num:8"
10,private bath,beds,bedrooms,10,10,10,96,NA,38.03268,10,-78.47859,1,3,2,NA,46,2,129,5,NA,12145205,NA,NA,10,https://www.airbnb.com/rooms/12145205,AirBnB,NA,NA,9,"<a href='https://www.airbnb.com/rooms/12145205'>AirBnB--12145205</a>
<br>
row-num:9"
10,baths,beds,bedrooms,10,10,10,97,NA,37.99578,10,-78.50002,2.5,5,6,NA,83,3,150,5,NA,12418086,NA,NA,10,https://www.airbnb.com/rooms/12418086,AirBnB,NA,NA,10,"<a href='https://www.airbnb.com/rooms/12418086'>AirBnB--12418086</a>
<br>
row-num:10"
NA,baths,beds,bedrooms,NA,NA,NA,NA,NA,38.01762,NA,-78.49418,2.5,5,0,NA,NA,4,999,NA,NA,12446603,NA,NA,NA,https://www.airbnb.com/rooms/12446603,AirBnB,NA,NA,11,"<a href='https://www.airbnb.com/rooms/12446603'>AirBnB--12446603</a>
<br>
row-num:11"
10,baths,beds,bedrooms,10,9,10,90,NA,38.02639,10,-78.51526,1.5,3,8,NA,62,3,139,4.5,NA,12683942,NA,NA,9,https://www.airbnb.com/rooms/12683942,AirBnB,NA,NA,12,"<a href='https://www.airbnb.com/rooms/12683942'>AirBnB--12683942</a>
<br>
row-num:12"
10,bath,beds,bedrooms,10,10,10,98,NA,38.04642,10,-78.4818,1,2,5,NA,56,2,150,5,NA,12710108,NA,NA,10,https://www.airbnb.com/rooms/12710108,AirBnB,NA,NA,13,"<a href='https://www.airbnb.com/rooms/12710108'>AirBnB--12710108</a>
<br>
row-num:13"
10,bath,bed,bedroom,10,10,10,97,NA,38.0307,10,-78.48131,1,1,2,NA,79,1,129,5,NA,13058472,NA,NA,10,https://www.airbnb.com/rooms/13058472,AirBnB,NA,NA,14,"<a href='https://www.airbnb.com/rooms/13058472'>AirBnB--13058472</a>
<br>
row-num:14"
10,bath,bed,bedroom,10,10,10,98,NA,38.03051,10,-78.48298,1,1,2,NA,16,1,139,5,NA,13058517,NA,NA,10,https://www.airbnb.com/rooms/13058517,AirBnB,NA,NA,15,"<a href='https://www.airbnb.com/rooms/13058517'>AirBnB--13058517</a>
<br>
row-num:15"
9,bath,bed,bedroom,10,8,9,91,NA,38.08238,10,-78.49613,1,1,2,NA,223,1,89.5,4.5,NA,13393248,NA,NA,8,https://www.airbnb.com/rooms/13393248,AirBnB,NA,NA,16,"<a href='https://www.airbnb.com/rooms/13393248'>AirBnB--13393248</a>
<br>
row-num:16"
10,baths,beds,bedrooms,10,10,10,97,NA,38.03027,9,-78.46352,2,3,4,NA,73,2,162,5,NA,13544918,NA,NA,10,https://www.airbnb.com/rooms/13544918,AirBnB,NA,NA,17,"<a href='https://www.airbnb.com/rooms/13544918'>AirBnB--13544918</a>
<br>
row-num:17"
10,bath,bed,bedroom,10,10,10,96,NA,38.02607,10,-78.47695,1,1,2,NA,218,1,70,5,NA,13680171,NA,NA,10,https://www.airbnb.com/rooms/13680171,AirBnB,NA,NA,18,"<a href='https://www.airbnb.com/rooms/13680171'>AirBnB--13680171</a>
<br>
row-num:18"
10,bath,beds,bedrooms,10,10,10,98,NA,38.02077,10,-78.48313,1,3,4,NA,185,2,86,5,NA,13743664,NA,NA,10,https://www.airbnb.com/rooms/13743664,AirBnB,NA,NA,19,"<a href='https://www.airbnb.com/rooms/13743664'>AirBnB--13743664</a>
<br>
row-num:19"
10,bath,beds,bedroom,10,10,10,100,NA,38.03717,10,-78.53138,1,2,3,NA,42,1,131,5,NA,13892101,NA,NA,10,https://www.airbnb.com/rooms/13892101,AirBnB,NA,NA,20,"<a href='https://www.airbnb.com/rooms/13892101'>AirBnB--13892101</a>
<br>
row-num:20"
10,baths,bed,bedroom,10,10,10,96,NA,38.02467,10,-78.47741,1.5,1,2,NA,25,1,150,5,NA,14393956,NA,NA,10,https://www.airbnb.com/rooms/14393956,AirBnB,NA,NA,21,"<a href='https://www.airbnb.com/rooms/14393956'>AirBnB--14393956</a>
<br>
row-num:21"
9,shared bath,beds,bedrooms,10,10,10,96,NA,38.02628,10,-78.47788,1,3,4,NA,16,2,199,5,NA,14397945,NA,NA,10,https://www.airbnb.com/rooms/14397945,AirBnB,NA,NA,22,"<a href='https://www.airbnb.com/rooms/14397945'>AirBnB--14397945</a>
<br>
row-num:22"
10,bath,beds,bedrooms,10,10,10,94,NA,38.03304,10,-78.46171,1,4,6,NA,129,3,132,4.5,NA,14535650,NA,NA,10,https://www.airbnb.com/rooms/14535650,AirBnB,NA,NA,23,"<a href='https://www.airbnb.com/rooms/14535650'>AirBnB--14535650</a>
<br>
row-num:23"
10,bath,beds,bedrooms,10,9,10,94,NA,38.02266,10,-78.47654,1,2,3,NA,305,2,120,4.5,NA,1497051,NA,NA,9,https://www.airbnb.com/rooms/1497051,AirBnB,NA,NA,24,"<a href='https://www.airbnb.com/rooms/1497051'>AirBnB--1497051</a>
<br>
row-num:24"
10,bath,bed,Studio,10,10,10,97,NA,38.03036,10,-78.4825,1,1,2,NA,253,0,69.66666666666667,5,NA,15267062,NA,NA,10,https://www.airbnb.com/rooms/15267062,AirBnB,NA,NA,25,"<a href='https://www.airbnb.com/rooms/15267062'>AirBnB--15267062</a>
<br>
row-num:25"
10,bath,bed,bedroom,10,10,10,99,NA,38.02316,10,-78.4713,1,1,2,NA,143,1,65.66666666666667,5,NA,15278354,NA,NA,10,https://www.airbnb.com/rooms/15278354,AirBnB,NA,NA,26,"<a href='https://www.airbnb.com/rooms/15278354'>AirBnB--15278354</a>
<br>
row-num:26"
10,baths,beds,bedrooms,10,10,10,96,NA,38.02852,10,-78.50556,2,3,4,NA,134,3,111,5,NA,15480263,NA,NA,10,https://www.airbnb.com/rooms/15480263,AirBnB,NA,NA,27,"<a href='https://www.airbnb.com/rooms/15480263'>AirBnB--15480263</a>
<br>
row-num:27"
10,baths,beds,bedrooms,10,10,10,98,NA,37.99063,10,-78.43742,5.5,6,0,NA,20,6,999,5,NA,15581613,NA,NA,10,https://www.airbnb.com/rooms/15581613,AirBnB,NA,NA,28,"<a href='https://www.airbnb.com/rooms/15581613'>AirBnB--15581613</a>
<br>
row-num:28"
10,bath,beds,bedrooms,10,9,10,96,NA,38.0198,9,-78.46376,1,3,6,NA,602,3,85,5,NA,1560850,NA,NA,9,https://www.airbnb.com/rooms/1560850,AirBnB,NA,NA,29,"<a href='https://www.airbnb.com/rooms/1560850'>AirBnB--1560850</a>
<br>
row-num:29"
10,bath,beds,bedroom,10,10,10,97,NA,38.03727,10,-78.47854,1,2,4,NA,147,1,54.705882352941174,5,NA,156430,NA,NA,10,https://www.airbnb.com/rooms/156430,AirBnB,NA,NA,30,"<a href='https://www.airbnb.com/rooms/156430'>AirBnB--156430</a>
<br>
row-num:30"
10,bath,beds,bedroom,10,10,10,99,NA,38.03583,10,-78.46978,1,3,5,NA,111,1,112.5,5,NA,15757452,NA,NA,10,https://www.airbnb.com/rooms/15757452,AirBnB,NA,NA,31,"<a href='https://www.airbnb.com/rooms/15757452'>AirBnB--15757452</a>
<br>
row-num:31"
10,bath,beds,Studio,10,10,10,100,NA,38.02612,10,-78.48085,1,2,4,NA,272,0,155,5,NA,15949087,NA,NA,10,https://www.airbnb.com/rooms/15949087,AirBnB,NA,NA,32,"<a href='https://www.airbnb.com/rooms/15949087'>AirBnB--15949087</a>
<br>
row-num:32"
10,shared bath,beds,bedroom,10,9,10,91,NA,38.03023,10,-78.48867,1,2,2,NA,206,1,81,4.5,NA,1601402,NA,NA,9,https://www.airbnb.com/rooms/1601402,AirBnB,NA,NA,33,"<a href='https://www.airbnb.com/rooms/1601402'>AirBnB--1601402</a>
<br>
row-num:33"
10,baths,beds,bedrooms,10,10,10,97,NA,38.02595,10,-78.50079,2,6,9,NA,69,5,199,5,NA,16063816,NA,NA,10,https://www.airbnb.com/rooms/16063816,AirBnB,NA,NA,34,"<a href='https://www.airbnb.com/rooms/16063816'>AirBnB--16063816</a>
<br>
row-num:34"
10,bath,beds,bedroom,10,10,10,99,NA,38.01542,10,-78.48487,1,2,3,NA,69,1,70,5,NA,16228345,NA,NA,10,https://www.airbnb.com/rooms/16228345,AirBnB,NA,NA,35,"<a href='https://www.airbnb.com/rooms/16228345'>AirBnB--16228345</a>
<br>
row-num:35"
10,bath,bed,bedroom,10,10,10,96,NA,38.02408,10,-78.4769,1,1,2,NA,31,1,120,5,NA,16283532,NA,NA,10,https://www.airbnb.com/rooms/16283532,AirBnB,NA,NA,36,"<a href='https://www.airbnb.com/rooms/16283532'>AirBnB--16283532</a>
<br>
row-num:36"
10,bath,beds,bedrooms,10,10,10,98,NA,38.02128,10,-78.48453,1,3,6,NA,27,3,195,5,NA,16435125,NA,NA,10,https://www.airbnb.com/rooms/16435125,AirBnB,NA,NA,37,"<a href='https://www.airbnb.com/rooms/16435125'>AirBnB--16435125</a>
<br>
row-num:37"
10,bath,beds,bedroom,10,10,10,96,NA,38.0192,10,-78.49408,1,2,3,NA,119,1,99,5,NA,16585621,NA,NA,10,https://www.airbnb.com/rooms/16585621,AirBnB,NA,NA,38,"<a href='https://www.airbnb.com/rooms/16585621'>AirBnB--16585621</a>
<br>
row-num:38"
10,bath,bed,Studio,10,10,10,99,NA,38.03033,10,-78.48274,1,1,2,NA,201,0,90,5,NA,16788993,NA,NA,10,https://www.airbnb.com/rooms/16788993,AirBnB,NA,NA,39,"<a href='https://www.airbnb.com/rooms/16788993'>AirBnB--16788993</a>
<br>
row-num:39"
10,shared bath,beds,bedroom,10,10,10,98,NA,38.01636,10,-78.47254,1,2,2,NA,126,1,57.470588235294116,5,NA,16970527,NA,NA,10,https://www.airbnb.com/rooms/16970527,AirBnB,NA,NA,40,"<a href='https://www.airbnb.com/rooms/16970527'>AirBnB--16970527</a>
<br>
row-num:40"
10,bath,beds,bedroom,10,10,10,99,NA,38.02553,10,-78.48166,1,2,4,NA,194,1,75,5,NA,17210204,NA,NA,10,https://www.airbnb.com/rooms/17210204,AirBnB,NA,NA,41,"<a href='https://www.airbnb.com/rooms/17210204'>AirBnB--17210204</a>
<br>
row-num:41"
10,bath,beds,Studio,10,10,10,98,NA,38.02954,10,-78.4833,1,2,3,NA,214,0,99,5,NA,17284213,NA,NA,10,https://www.airbnb.com/rooms/17284213,AirBnB,NA,NA,42,"<a href='https://www.airbnb.com/rooms/17284213'>AirBnB--17284213</a>
<br>
row-num:42"
10,bath,beds,bedroom,10,10,10,97,NA,38.02624,10,-78.47314,1,2,4,NA,295,1,52.705882352941174,5,NA,17337587,NA,NA,10,https://www.airbnb.com/rooms/17337587,AirBnB,NA,NA,43,"<a href='https://www.airbnb.com/rooms/17337587'>AirBnB--17337587</a>
<br>
row-num:43"
10,bath,bed,bedroom,10,10,10,97,NA,38.02068,10,-78.511,1,1,2,NA,87,1,59.16,5,NA,17460536,NA,NA,10,https://www.airbnb.com/rooms/17460536,AirBnB,NA,NA,44,"<a href='https://www.airbnb.com/rooms/17460536'>AirBnB--17460536</a>
<br>
row-num:44"
10,bath,beds,bedrooms,10,10,10,99,NA,38.02387,10,-78.47625,1,3,6,NA,124,3,90,5,NA,17971569,NA,NA,10,https://www.airbnb.com/rooms/17971569,AirBnB,NA,NA,45,"<a href='https://www.airbnb.com/rooms/17971569'>AirBnB--17971569</a>
<br>
row-num:45"
10,bath,beds,bedroom,10,10,10,100,NA,38.01745,10,-78.50099,1,2,3,NA,219,1,90,5,NA,18601797,NA,NA,10,https://www.airbnb.com/rooms/18601797,AirBnB,NA,NA,46,"<a href='https://www.airbnb.com/rooms/18601797'>AirBnB--18601797</a>
<br>
row-num:46"
10,private bath,bed,bedroom,10,10,10,100,NA,38.04799,10,-78.49198,1,1,2,NA,240,1,66.66666666666667,5,NA,18663946,NA,NA,10,https://www.airbnb.com/rooms/18663946,AirBnB,NA,NA,47,"<a href='https://www.airbnb.com/rooms/18663946'>AirBnB--18663946</a>
<br>
row-num:47"
10,bath,beds,bedroom,10,10,10,98,NA,38.02533,10,-78.47852,1,2,6,NA,235,1,63,5,NA,18689465,NA,NA,10,https://www.airbnb.com/rooms/18689465,AirBnB,NA,NA,48,"<a href='https://www.airbnb.com/rooms/18689465'>AirBnB--18689465</a>
<br>
row-num:48"
10,bath,beds,bedroom,10,10,10,100,NA,38.03387,10,-78.49075,1,2,4,NA,161,1,82,5,NA,18689593,NA,NA,10,https://www.airbnb.com/rooms/18689593,AirBnB,NA,NA,49,"<a href='https://www.airbnb.com/rooms/18689593'>AirBnB--18689593</a>
<br>
row-num:49"
10,bath,beds,Studio,10,10,10,98,NA,38.02143,10,-78.45734,1,2,3,NA,117,0,75,5,NA,19659797,NA,NA,10,https://www.airbnb.com/rooms/19659797,AirBnB,NA,NA,50,"<a href='https://www.airbnb.com/rooms/19659797'>AirBnB--19659797</a>
<br>
row-num:50"
10,private bath,bed,bedroom,10,10,10,99,NA,38.06763,10,-78.49753,1,1,2,NA,44,1,45,5,NA,19742625,NA,NA,10,https://www.airbnb.com/rooms/19742625,AirBnB,NA,NA,51,"<a href='https://www.airbnb.com/rooms/19742625'>AirBnB--19742625</a>
<br>
row-num:51"
10,baths,beds,bedrooms,10,10,10,97,NA,38.03215,10,-78.48989,2,5,8,NA,58,3,180,5,NA,19796446,NA,NA,10,https://www.airbnb.com/rooms/19796446,AirBnB,NA,NA,52,"<a href='https://www.airbnb.com/rooms/19796446'>AirBnB--19796446</a>
<br>
row-num:52"
10,bath,bed,Studio,10,10,10,98,NA,38.02977,10,-78.48307,1,1,2,NA,173,0,70,5,NA,19806418,NA,NA,10,https://www.airbnb.com/rooms/19806418,AirBnB,NA,NA,53,"<a href='https://www.airbnb.com/rooms/19806418'>AirBnB--19806418</a>
<br>
row-num:53"
10,bath,bed,Studio,10,10,10,99,NA,38.04973,10,-78.4875,1,1,2,NA,82,0,89,5,NA,19857767,NA,NA,10,https://www.airbnb.com/rooms/19857767,AirBnB,NA,NA,54,"<a href='https://www.airbnb.com/rooms/19857767'>AirBnB--19857767</a>
<br>
row-num:54"
10,bath,bed,bedroom,10,9,10,95,NA,38.02205,10,-78.51655,1,1,3,NA,39,1,55.166666666666664,5,NA,19912330,NA,NA,9,https://www.airbnb.com/rooms/19912330,AirBnB,NA,NA,55,"<a href='https://www.airbnb.com/rooms/19912330'>AirBnB--19912330</a>
<br>
row-num:55"
10,baths,beds,bedrooms,10,10,10,95,NA,38.03696,10,-78.47384,1.5,3,4,NA,69,2,139.5,5,NA,19965494,NA,NA,10,https://www.airbnb.com/rooms/19965494,AirBnB,NA,NA,56,"<a href='https://www.airbnb.com/rooms/19965494'>AirBnB--19965494</a>
<br>
row-num:56"
10,bath,bed,bedroom,10,10,10,100,NA,38.0608,10,-78.48007,1,1,4,NA,16,1,109,5,NA,20016322,NA,NA,10,https://www.airbnb.com/rooms/20016322,AirBnB,NA,NA,57,"<a href='https://www.airbnb.com/rooms/20016322'>AirBnB--20016322</a>
<br>
row-num:57"
10,bath,beds,bedroom,10,10,10,100,NA,38.02269,10,-78.48604,1,2,4,NA,75,1,81,5,NA,20193549,NA,NA,10,https://www.airbnb.com/rooms/20193549,AirBnB,NA,NA,58,"<a href='https://www.airbnb.com/rooms/20193549'>AirBnB--20193549</a>
<br>
row-num:58"
10,baths,beds,bedrooms,10,10,10,98,NA,38.02689,10,-78.51765,3.5,5,0,NA,75,4,149,5,NA,20278927,NA,NA,10,https://www.airbnb.com/rooms/20278927,AirBnB,NA,NA,59,"<a href='https://www.airbnb.com/rooms/20278927'>AirBnB--20278927</a>
<br>
row-num:59"
10,bath,beds,bedrooms,10,10,10,98,NA,38.02667,10,-78.47582,1,3,5,NA,24,2,139.5,5,NA,20283849,NA,NA,10,https://www.airbnb.com/rooms/20283849,AirBnB,NA,NA,60,"<a href='https://www.airbnb.com/rooms/20283849'>AirBnB--20283849</a>
<br>
row-num:60"
10,bath,beds,bedrooms,10,10,10,100,NA,38.01999,10,-78.50972,1,3,6,NA,57,3,150,5,NA,20430324,NA,NA,10,https://www.airbnb.com/rooms/20430324,AirBnB,NA,NA,61,"<a href='https://www.airbnb.com/rooms/20430324'>AirBnB--20430324</a>
<br>
row-num:61"
10,bath,bed,bedroom,10,10,10,100,NA,38.03368,10,-78.46706,1,1,2,NA,93,1,122,5,NA,20540526,NA,NA,10,https://www.airbnb.com/rooms/20540526,AirBnB,NA,NA,62,"<a href='https://www.airbnb.com/rooms/20540526'>AirBnB--20540526</a>
<br>
row-num:62"
10,bath,beds,bedrooms,10,9,10,96,NA,38.01862,10,-78.48489,1,2,4,NA,138,2,90,5,NA,20640006,NA,NA,9,https://www.airbnb.com/rooms/20640006,AirBnB,NA,NA,63,"<a href='https://www.airbnb.com/rooms/20640006'>AirBnB--20640006</a>
<br>
row-num:63"
10,bath,beds,bedrooms,10,10,10,97,NA,38.03609,10,-78.47973,1,2,4,NA,74,2,149.5,5,NA,20693516,NA,NA,10,https://www.airbnb.com/rooms/20693516,AirBnB,NA,NA,64,"<a href='https://www.airbnb.com/rooms/20693516'>AirBnB--20693516</a>
<br>
row-num:64"
10,bath,beds,bedrooms,10,9,10,96,NA,38.02099,10,-78.47609,1,2,4,NA,31,2,131,5,NA,20744879,NA,NA,9,https://www.airbnb.com/rooms/20744879,AirBnB,NA,NA,65,"<a href='https://www.airbnb.com/rooms/20744879'>AirBnB--20744879</a>
<br>
row-num:65"
10,baths,beds,bedrooms,10,9,10,100,NA,38.05663,10,-78.43222,2,3,5,NA,10,3,175,5,NA,20841964,NA,NA,9,https://www.airbnb.com/rooms/20841964,AirBnB,NA,NA,66,"<a href='https://www.airbnb.com/rooms/20841964'>AirBnB--20841964</a>
<br>
row-num:66"
10,baths,beds,bedrooms,10,9,10,95,NA,38.02565,10,-78.51204,2,6,5,NA,43,4,155,5,NA,20846106,NA,NA,9,https://www.airbnb.com/rooms/20846106,AirBnB,NA,NA,67,"<a href='https://www.airbnb.com/rooms/20846106'>AirBnB--20846106</a>
<br>
row-num:67"
10,shared bath,bed,bedroom,10,10,10,99,NA,38.0202,10,-78.48129,1,1,1,NA,75,1,46.77777777777778,5,NA,21043207,NA,NA,10,https://www.airbnb.com/rooms/21043207,AirBnB,NA,NA,68,"<a href='https://www.airbnb.com/rooms/21043207'>AirBnB--21043207</a>
<br>
row-num:68"
10,private bath,bed,bedroom,10,10,10,97,NA,38.03192,10,-78.4902,1,1,2,NA,106,1,45,5,NA,21091524,NA,NA,10,https://www.airbnb.com/rooms/21091524,AirBnB,NA,NA,69,"<a href='https://www.airbnb.com/rooms/21091524'>AirBnB--21091524</a>
<br>
row-num:69"
NA,baths,beds,bedrooms,NA,NA,NA,NA,NA,38.05214,NA,-78.48835,4.5,5,0,NA,NA,5,999,NA,NA,21204898,NA,NA,NA,https://www.airbnb.com/rooms/21204898,AirBnB,NA,NA,70,"<a href='https://www.airbnb.com/rooms/21204898'>AirBnB--21204898</a>
<br>
row-num:70"
10,bath,beds,bedrooms,10,10,10,100,NA,38.0213,10,-78.4821,1,3,7,NA,93,3,150,5,NA,21413176,NA,NA,10,https://www.airbnb.com/rooms/21413176,AirBnB,NA,NA,71,"<a href='https://www.airbnb.com/rooms/21413176'>AirBnB--21413176</a>
<br>
row-num:71"
NA,bath,bed,bedroom,NA,NA,NA,NA,NA,38.03791,NA,-78.47846,1,1,2,NA,NA,1,200,NA,NA,21796270,NA,NA,NA,https://www.airbnb.com/rooms/21796270,AirBnB,NA,NA,72,"<a href='https://www.airbnb.com/rooms/21796270'>AirBnB--21796270</a>
<br>
row-num:72"
10,shared bath,bed,bedroom,10,10,10,96,NA,38.02087,10,-78.49163,1,1,2,NA,94,1,70,5,NA,21935426,NA,NA,10,https://www.airbnb.com/rooms/21935426,AirBnB,NA,NA,73,"<a href='https://www.airbnb.com/rooms/21935426'>AirBnB--21935426</a>
<br>
row-num:73"
10,bath,beds,bedrooms,10,10,10,97,NA,38.02333,10,-78.50342,1,3,4,NA,157,2,90,5,NA,22097621,NA,NA,10,https://www.airbnb.com/rooms/22097621,AirBnB,NA,NA,74,"<a href='https://www.airbnb.com/rooms/22097621'>AirBnB--22097621</a>
<br>
row-num:74"
10,bath,beds,bedroom,10,10,10,98,NA,38.02579,10,-78.47593,1,2,3,NA,143,1,63,5,NA,22626013,NA,NA,10,https://www.airbnb.com/rooms/22626013,AirBnB,NA,NA,75,"<a href='https://www.airbnb.com/rooms/22626013'>AirBnB--22626013</a>
<br>
row-num:75"
10,bath,beds,bedrooms,10,10,10,99,NA,38.03125,10,-78.46426,1,3,5,NA,158,2,118,5,NA,22764510,NA,NA,10,https://www.airbnb.com/rooms/22764510,AirBnB,NA,NA,76,"<a href='https://www.airbnb.com/rooms/22764510'>AirBnB--22764510</a>
<br>
row-num:76"
10,bath,beds,bedroom,10,10,10,98,NA,38.0487,10,-78.46341,1,2,3,NA,61,1,100,5,NA,22794509,NA,NA,10,https://www.airbnb.com/rooms/22794509,AirBnB,NA,NA,77,"<a href='https://www.airbnb.com/rooms/22794509'>AirBnB--22794509</a>
<br>
row-num:77"
10,bath,bed,Studio,10,10,10,99,NA,38.0272,10,-78.47671,1,1,2,NA,57,0,120,5,NA,22815865,NA,NA,10,https://www.airbnb.com/rooms/22815865,AirBnB,NA,NA,78,"<a href='https://www.airbnb.com/rooms/22815865'>AirBnB--22815865</a>
<br>
row-num:78"
10,bath,beds,bedrooms,10,10,10,100,NA,38.02661,10,-78.47699,1,4,6,NA,62,3,199,5,NA,22944571,NA,NA,10,https://www.airbnb.com/rooms/22944571,AirBnB,NA,NA,79,"<a href='https://www.airbnb.com/rooms/22944571'>AirBnB--22944571</a>
<br>
row-num:79"
10,bath,bed,bedroom,10,10,10,98,NA,38.02289,10,-78.47395,1,1,4,NA,187,1,70.25,5,NA,23004014,NA,NA,10,https://www.airbnb.com/rooms/23004014,AirBnB,NA,NA,80,"<a href='https://www.airbnb.com/rooms/23004014'>AirBnB--23004014</a>
<br>
row-num:80"
10,bath,beds,bedrooms,10,10,10,99,NA,38.02692,10,-78.48636,1,2,6,NA,32,2,160,5,NA,23163410,NA,NA,10,https://www.airbnb.com/rooms/23163410,AirBnB,NA,NA,81,"<a href='https://www.airbnb.com/rooms/23163410'>AirBnB--23163410</a>
<br>
row-num:81"
10,bath,beds,bedroom,10,10,10,97,NA,38.02612,10,-78.47463,1,2,3,NA,159,1,57.59090909090909,5,NA,23271179,NA,NA,10,https://www.airbnb.com/rooms/23271179,AirBnB,NA,NA,82,"<a href='https://www.airbnb.com/rooms/23271179'>AirBnB--23271179</a>
<br>
row-num:82"
10,bath,bed,bedroom,10,10,10,100,NA,38.0302,10,-78.50518,1,1,2,NA,26,1,150,5,NA,23336579,NA,NA,10,https://www.airbnb.com/rooms/23336579,AirBnB,NA,NA,83,"<a href='https://www.airbnb.com/rooms/23336579'>AirBnB--23336579</a>
<br>
row-num:83"
10,bath,beds,bedroom,10,10,10,99,NA,38.01757,10,-78.51758,1,3,4,NA,30,1,195,5,NA,23416479,NA,NA,10,https://www.airbnb.com/rooms/23416479,AirBnB,NA,NA,84,"<a href='https://www.airbnb.com/rooms/23416479'>AirBnB--23416479</a>
<br>
row-num:84"
10,bath,beds,bedroom,10,10,10,100,NA,38.05662,10,-78.46266,1,2,4,NA,132,1,70,5,NA,23542836,NA,NA,10,https://www.airbnb.com/rooms/23542836,AirBnB,NA,NA,85,"<a href='https://www.airbnb.com/rooms/23542836'>AirBnB--23542836</a>
<br>
row-num:85"
10,baths,beds,bedrooms,10,10,10,96,NA,38.06949,10,-78.49211,2,4,7,NA,134,3,174,5,NA,236217,NA,NA,10,https://www.airbnb.com/rooms/236217,AirBnB,NA,NA,86,"<a href='https://www.airbnb.com/rooms/236217'>AirBnB--236217</a>
<br>
row-num:86"
10,bath,beds,bedroom,10,10,10,98,NA,38.02619,10,-78.48698,1,2,2,NA,68,1,60,5,NA,23626199,NA,NA,10,https://www.airbnb.com/rooms/23626199,AirBnB,NA,NA,87,"<a href='https://www.airbnb.com/rooms/23626199'>AirBnB--23626199</a>
<br>
row-num:87"
10,bath,beds,bedrooms,10,10,10,98,NA,38.01404,10,-78.48046,1,5,7,NA,18,3,183,5,NA,23693768,NA,NA,10,https://www.airbnb.com/rooms/23693768,AirBnB,NA,NA,88,"<a href='https://www.airbnb.com/rooms/23693768'>AirBnB--23693768</a>
<br>
row-num:88"
10,bath,beds,bedrooms,10,10,10,98,NA,38.03026,10,-78.46636,1,2,6,NA,146,2,99,5,NA,23698746,NA,NA,10,https://www.airbnb.com/rooms/23698746,AirBnB,NA,NA,89,"<a href='https://www.airbnb.com/rooms/23698746'>AirBnB--23698746</a>
<br>
row-num:89"
10,bath,bed,bedroom,10,10,10,100,NA,38.02568,10,-78.4803,1,1,3,NA,48,1,100,5,NA,23713804,NA,NA,10,https://www.airbnb.com/rooms/23713804,AirBnB,NA,NA,90,"<a href='https://www.airbnb.com/rooms/23713804'>AirBnB--23713804</a>
<br>
row-num:90"
10,private bath,beds,bedroom,10,10,10,99,NA,38.02593,10,-78.45441,1,2,3,NA,147,1,64.33333333333333,5,NA,23918430,NA,NA,10,https://www.airbnb.com/rooms/23918430,AirBnB,NA,NA,91,"<a href='https://www.airbnb.com/rooms/23918430'>AirBnB--23918430</a>
<br>
row-num:91"
10,bath,beds,Studio,10,10,10,99,NA,38.04792,10,-78.48525,1,2,4,NA,440,0,68,5,NA,2399994,NA,NA,10,https://www.airbnb.com/rooms/2399994,AirBnB,NA,NA,92,"<a href='https://www.airbnb.com/rooms/2399994'>AirBnB--2399994</a>
<br>
row-num:92"
10,shared bath,bed,bedroom,10,10,10,100,NA,38.03163,10,-78.50659,1,1,2,NA,3,1,115,5,NA,24079724,NA,NA,10,https://www.airbnb.com/rooms/24079724,AirBnB,NA,NA,93,"<a href='https://www.airbnb.com/rooms/24079724'>AirBnB--24079724</a>
<br>
row-num:93"
9,private bath,bed,bedroom,10,9,9,96,NA,38.07031,9,-78.49669,1,1,2,NA,188,1,47.22222222222222,5,NA,24250235,NA,NA,9,https://www.airbnb.com/rooms/24250235,AirBnB,NA,NA,94,"<a href='https://www.airbnb.com/rooms/24250235'>AirBnB--24250235</a>
<br>
row-num:94"
10,bath,bed,Studio,10,10,10,97,NA,38.03042,10,-78.4652,1,1,5,NA,131,0,70,5,NA,24259394,NA,NA,10,https://www.airbnb.com/rooms/24259394,AirBnB,NA,NA,95,"<a href='https://www.airbnb.com/rooms/24259394'>AirBnB--24259394</a>
<br>
row-num:95"
10,baths,beds,bedrooms,10,10,10,100,NA,38.04527,10,-78.53195,2,3,4,NA,8,2,199,5,NA,24391450,NA,NA,10,https://www.airbnb.com/rooms/24391450,AirBnB,NA,NA,96,"<a href='https://www.airbnb.com/rooms/24391450'>AirBnB--24391450</a>
<br>
row-num:96"
10,private bath,bed,bedroom,10,10,10,100,NA,38.08948,10,-78.44615,1,1,4,NA,12,1,190,5,NA,24473783,NA,NA,10,https://www.airbnb.com/rooms/24473783,AirBnB,NA,NA,97,"<a href='https://www.airbnb.com/rooms/24473783'>AirBnB--24473783</a>
<br>
row-num:97"
9,bath,beds,bedrooms,10,10,10,96,NA,38.02641,9,-78.50161,1,2,4,NA,5,2,174,5,NA,24516458,NA,NA,10,https://www.airbnb.com/rooms/24516458,AirBnB,NA,NA,98,"<a href='https://www.airbnb.com/rooms/24516458'>AirBnB--24516458</a>
<br>
row-num:98"
10,baths,beds,bedroom,10,10,10,98,NA,38.03137,10,-78.48244,1.5,2,4,NA,96,1,84,5,NA,24630250,NA,NA,10,https://www.airbnb.com/rooms/24630250,AirBnB,NA,NA,99,"<a href='https://www.airbnb.com/rooms/24630250'>AirBnB--24630250</a>
<br>
row-num:99"
10,bath,beds,bedrooms,10,10,10,98,NA,38.02475,10,-78.46503,1,2,4,NA,52,2,120,5,NA,25031828,NA,NA,10,https://www.airbnb.com/rooms/25031828,AirBnB,NA,NA,100,"<a href='https://www.airbnb.com/rooms/25031828'>AirBnB--25031828</a>
<br>
row-num:100"
10,baths,beds,bedrooms,10,10,10,99,NA,38.02857,10,-78.49878,2,5,6,NA,78,2,155,5,NA,25110259,NA,NA,10,https://www.airbnb.com/rooms/25110259,AirBnB,NA,NA,101,"<a href='https://www.airbnb.com/rooms/25110259'>AirBnB--25110259</a>
<br>
row-num:101"
10,bath,bed,bedroom,10,10,10,100,NA,38.02936,10,-78.50848,1,1,2,NA,7,1,89,5,NA,25252803,NA,NA,10,https://www.airbnb.com/rooms/25252803,AirBnB,NA,NA,102,"<a href='https://www.airbnb.com/rooms/25252803'>AirBnB--25252803</a>
<br>
row-num:102"
10,bath,beds,bedrooms,10,9,10,96,NA,38.01861,10,-78.47361,1,3,4,NA,35,2,117.5,5,NA,25378048,NA,NA,9,https://www.airbnb.com/rooms/25378048,AirBnB,NA,NA,103,"<a href='https://www.airbnb.com/rooms/25378048'>AirBnB--25378048</a>
<br>
row-num:103"
10,bath,beds,bedrooms,10,10,10,98,NA,38.02338,10,-78.47857,1,4,6,NA,25,3,178,5,NA,25517351,NA,NA,10,https://www.airbnb.com/rooms/25517351,AirBnB,NA,NA,104,"<a href='https://www.airbnb.com/rooms/25517351'>AirBnB--25517351</a>
<br>
row-num:104"
10,bath,beds,bedrooms,10,10,10,100,NA,38.02507,10,-78.47569,1,3,6,NA,18,2,188,5,NA,25802228,NA,NA,10,https://www.airbnb.com/rooms/25802228,AirBnB,NA,NA,105,"<a href='https://www.airbnb.com/rooms/25802228'>AirBnB--25802228</a>
<br>
row-num:105"
10,baths,beds,bedrooms,10,9,10,95,NA,38.02233,10,-78.51341,2,2,4,NA,84,2,75,5,NA,25909277,NA,NA,9,https://www.airbnb.com/rooms/25909277,AirBnB,NA,NA,106,"<a href='https://www.airbnb.com/rooms/25909277'>AirBnB--25909277</a>
<br>
row-num:106"
10,private bath,bed,bedroom,10,10,10,99,NA,38.04686,10,-78.50017,1,1,2,NA,419,1,65.25,5,NA,2591146,NA,NA,10,https://www.airbnb.com/rooms/2591146,AirBnB,NA,NA,107,"<a href='https://www.airbnb.com/rooms/2591146'>AirBnB--2591146</a>
<br>
row-num:107"
10,private bath,bed,bedroom,10,10,10,99,NA,38.04603,10,-78.46015,1,1,3,NA,164,1,56.8235294117647,5,NA,26303876,NA,NA,10,https://www.airbnb.com/rooms/26303876,AirBnB,NA,NA,108,"<a href='https://www.airbnb.com/rooms/26303876'>AirBnB--26303876</a>
<br>
row-num:108"
10,bath,beds,bedrooms,10,10,10,97,NA,38.04733,10,-78.48835,1,3,5,NA,7,3,162,5,NA,26712751,NA,NA,10,https://www.airbnb.com/rooms/26712751,AirBnB,NA,NA,109,"<a href='https://www.airbnb.com/rooms/26712751'>AirBnB--26712751</a>
<br>
row-num:109"
10,baths,beds,bedrooms,10,10,10,98,NA,38.04723,10,-78.51892,2.5,4,6,NA,39,3,191,5,NA,26839946,NA,NA,10,https://www.airbnb.com/rooms/26839946,AirBnB,NA,NA,110,"<a href='https://www.airbnb.com/rooms/26839946'>AirBnB--26839946</a>
<br>
row-num:110"
10,baths,beds,bedrooms,10,10,10,94,NA,38.03841,10,-78.47812,2,4,8,NA,20,3,160,4.5,NA,27423197,NA,NA,10,https://www.airbnb.com/rooms/27423197,AirBnB,NA,NA,111,"<a href='https://www.airbnb.com/rooms/27423197'>AirBnB--27423197</a>
<br>
row-num:111"
10,bath,beds,bedroom,10,10,10,100,NA,38.02844,10,-78.5067,1,2,4,NA,6,1,110,5,NA,27572668,NA,NA,10,https://www.airbnb.com/rooms/27572668,AirBnB,NA,NA,112,"<a href='https://www.airbnb.com/rooms/27572668'>AirBnB--27572668</a>
<br>
row-num:112"
10,bath,beds,bedrooms,10,10,10,99,NA,38.01898,10,-78.47097,1,2,4,NA,76,2,100,5,NA,27576154,NA,NA,10,https://www.airbnb.com/rooms/27576154,AirBnB,NA,NA,113,"<a href='https://www.airbnb.com/rooms/27576154'>AirBnB--27576154</a>
<br>
row-num:113"
10,bath,bed,Studio,10,10,10,94,NA,38.04234,10,-78.46443,1,1,2,NA,194,0,55,4.5,NA,27612077,NA,NA,10,https://www.airbnb.com/rooms/27612077,AirBnB,NA,NA,114,"<a href='https://www.airbnb.com/rooms/27612077'>AirBnB--27612077</a>
<br>
row-num:114"
10,baths,beds,bedrooms,10,10,10,99,NA,38.02566,10,-78.47408,2.5,2,6,NA,14,2,199,5,NA,27666996,NA,NA,10,https://www.airbnb.com/rooms/27666996,AirBnB,NA,NA,115,"<a href='https://www.airbnb.com/rooms/27666996'>AirBnB--27666996</a>
<br>
row-num:115"
10,bath,beds,bedrooms,10,10,10,98,NA,38.02081,10,-78.47157,1,2,4,NA,73,2,169,5,NA,27719797,NA,NA,10,https://www.airbnb.com/rooms/27719797,AirBnB,NA,NA,116,"<a href='https://www.airbnb.com/rooms/27719797'>AirBnB--27719797</a>
<br>
row-num:116"
10,bath,bed,bedroom,10,10,10,98,NA,38.04503,10,-78.45882,1,1,2,NA,173,1,124.5,5,NA,27812556,NA,NA,10,https://www.airbnb.com/rooms/27812556,AirBnB,NA,NA,117,"<a href='https://www.airbnb.com/rooms/27812556'>AirBnB--27812556</a>
<br>
row-num:117"
10,baths,beds,bedrooms,10,10,10,99,NA,38.03688,10,-78.46331,2.5,5,8,NA,35,4,180,5,NA,27980598,NA,NA,10,https://www.airbnb.com/rooms/27980598,AirBnB,NA,NA,118,"<a href='https://www.airbnb.com/rooms/27980598'>AirBnB--27980598</a>
<br>
row-num:118"
10,baths,beds,bedrooms,10,10,10,98,NA,38.02546,10,-78.47617,1.5,2,4,NA,54,2,96,5,NA,28520523,NA,NA,10,https://www.airbnb.com/rooms/28520523,AirBnB,NA,NA,119,"<a href='https://www.airbnb.com/rooms/28520523'>AirBnB--28520523</a>
<br>
row-num:119"
10,baths,beds,bedrooms,10,9,10,97,NA,38.04592,10,-78.49918,3,5,9,NA,83,5,140,5,NA,28856729,NA,NA,9,https://www.airbnb.com/rooms/28856729,AirBnB,NA,NA,120,"<a href='https://www.airbnb.com/rooms/28856729'>AirBnB--28856729</a>
<br>
row-num:120"
10,bath,beds,bedrooms,10,10,10,99,NA,38.04383,10,-78.46554,1,4,6,NA,180,2,65.66666666666667,5,NA,29263972,NA,NA,10,https://www.airbnb.com/rooms/29263972,AirBnB,NA,NA,121,"<a href='https://www.airbnb.com/rooms/29263972'>AirBnB--29263972</a>
<br>
row-num:121"
9,baths,beds,bedrooms,10,9,10,100,NA,38.04366,10,-78.4989,4,6,2,NA,6,5,999,5,NA,29334145,NA,NA,9,https://www.airbnb.com/rooms/29334145,AirBnB,NA,NA,122,"<a href='https://www.airbnb.com/rooms/29334145'>AirBnB--29334145</a>
<br>
row-num:122"
10,shared baths,bed,bedrooms,10,10,10,99,NA,38.03725,10,-78.44467,2,1,2,NA,40,2,200,5,NA,29436111,NA,NA,10,https://www.airbnb.com/rooms/29436111,AirBnB,NA,NA,123,"<a href='https://www.airbnb.com/rooms/29436111'>AirBnB--29436111</a>
<br>
row-num:123"
10,bath,beds,bedroom,10,10,10,97,NA,38.02395,10,-78.47805,1,2,4,NA,105,1,80,5,NA,29452766,NA,NA,10,https://www.airbnb.com/rooms/29452766,AirBnB,NA,NA,124,"<a href='https://www.airbnb.com/rooms/29452766'>AirBnB--29452766</a>
<br>
row-num:124"
NA,bath,bed,Studio,NA,NA,NA,NA,NA,38.04504,NA,-78.49806,1,1,2,NA,NA,0,195,NA,NA,29482101,NA,NA,NA,https://www.airbnb.com/rooms/29482101,AirBnB,NA,NA,125,"<a href='https://www.airbnb.com/rooms/29482101'>AirBnB--29482101</a>
<br>
row-num:125"
10,bath,bed,bedroom,10,10,10,96,NA,38.02118,10,-78.48529,1,1,2,NA,198,1,68,5,NA,29737275,NA,NA,10,https://www.airbnb.com/rooms/29737275,AirBnB,NA,NA,126,"<a href='https://www.airbnb.com/rooms/29737275'>AirBnB--29737275</a>
<br>
row-num:126"
10,baths,beds,bedrooms,10,10,10,99,NA,38.02403,10,-78.51365,2.5,3,6,NA,29,3,101,5,NA,29965636,NA,NA,10,https://www.airbnb.com/rooms/29965636,AirBnB,NA,NA,127,"<a href='https://www.airbnb.com/rooms/29965636'>AirBnB--29965636</a>
<br>
row-num:127"
10,baths,beds,bedrooms,10,10,10,100,NA,38.00852,10,-78.52226,1.5,2,4,NA,5,2,162,5,NA,30153951,NA,NA,10,https://www.airbnb.com/rooms/30153951,AirBnB,NA,NA,128,"<a href='https://www.airbnb.com/rooms/30153951'>AirBnB--30153951</a>
<br>
row-num:128"
10,shared bath,bed,bedroom,10,10,10,97,NA,38.04144,10,-78.45884,1,1,2,NA,101,1,46.77777777777778,5,NA,30444903,NA,NA,10,https://www.airbnb.com/rooms/30444903,AirBnB,NA,NA,129,"<a href='https://www.airbnb.com/rooms/30444903'>AirBnB--30444903</a>
<br>
row-num:129"
10,shared bath,bed,bedroom,10,10,10,98,NA,38.03989,10,-78.46066,1,1,2,NA,73,1,50,5,NA,30445193,NA,NA,10,https://www.airbnb.com/rooms/30445193,AirBnB,NA,NA,130,"<a href='https://www.airbnb.com/rooms/30445193'>AirBnB--30445193</a>
<br>
row-num:130"
10,shared bath,bed,bedroom,10,10,10,98,NA,38.04005,10,-78.46059,1,1,2,NA,83,1,44.142857142857146,5,NA,30448133,NA,NA,10,https://www.airbnb.com/rooms/30448133,AirBnB,NA,NA,131,"<a href='https://www.airbnb.com/rooms/30448133'>AirBnB--30448133</a>
<br>
row-num:131"
10,bath,beds,bedrooms,10,10,10,99,NA,38.02346,10,-78.50947,1,2,4,NA,36,2,125,5,NA,30568760,NA,NA,10,https://www.airbnb.com/rooms/30568760,AirBnB,NA,NA,132,"<a href='https://www.airbnb.com/rooms/30568760'>AirBnB--30568760</a>
<br>
row-num:132"
10,shared bath,bed,bedroom,10,10,10,97,NA,38.02865,10,-78.46232,1,1,2,NA,66,1,55.35294117647059,5,NA,3061401,NA,NA,10,https://www.airbnb.com/rooms/3061401,AirBnB,NA,NA,133,"<a href='https://www.airbnb.com/rooms/3061401'>AirBnB--3061401</a>
<br>
row-num:133"
10,bath,beds,bedrooms,10,10,10,99,NA,38.03447,10,-78.48925,1,3,6,NA,63,2,154,5,NA,31017496,NA,NA,10,https://www.airbnb.com/rooms/31017496,AirBnB,NA,NA,134,"<a href='https://www.airbnb.com/rooms/31017496'>AirBnB--31017496</a>
<br>
row-num:134"
10,baths,beds,bedrooms,10,8,10,92,NA,38.03255,10,-78.48318,2,2,4,NA,6,2,162,4.5,NA,31164550,NA,NA,8,https://www.airbnb.com/rooms/31164550,AirBnB,NA,NA,135,"<a href='https://www.airbnb.com/rooms/31164550'>AirBnB--31164550</a>
<br>
row-num:135"
10,bath,bed,Studio,10,10,10,100,NA,38.01644,10,-78.51084,1,1,2,NA,48,0,125,5,NA,31961919,NA,NA,10,https://www.airbnb.com/rooms/31961919,AirBnB,NA,NA,136,"<a href='https://www.airbnb.com/rooms/31961919'>AirBnB--31961919</a>
<br>
row-num:136"
10,private bath,bed,bedroom,10,10,10,100,NA,38.03568,10,-78.49199,1,1,2,NA,4,1,155,5,NA,32158190,NA,NA,10,https://www.airbnb.com/rooms/32158190,AirBnB,NA,NA,137,"<a href='https://www.airbnb.com/rooms/32158190'>AirBnB--32158190</a>
<br>
row-num:137"
9,private bath,bed,bedroom,9,9,9,86,NA,38.02491,9,-78.45405,1,1,2,NA,34,1,48.22222222222222,4.5,NA,32321199,NA,NA,9,https://www.airbnb.com/rooms/32321199,AirBnB,NA,NA,138,"<a href='https://www.airbnb.com/rooms/32321199'>AirBnB--32321199</a>
<br>
row-num:138"
NA,bath,beds,bedroom,NA,NA,NA,NA,NA,38.0802,NA,-78.45694,1,2,4,NA,NA,1,175,NA,NA,32329773,NA,NA,NA,https://www.airbnb.com/rooms/32329773,AirBnB,NA,NA,139,"<a href='https://www.airbnb.com/rooms/32329773'>AirBnB--32329773</a>
<br>
row-num:139"
10,baths,beds,bedrooms,10,10,10,99,NA,38.02576,10,-78.51693,3,4,8,NA,37,4,152,5,NA,32523220,NA,NA,10,https://www.airbnb.com/rooms/32523220,AirBnB,NA,NA,140,"<a href='https://www.airbnb.com/rooms/32523220'>AirBnB--32523220</a>
<br>
row-num:140"
NA,bath,bed,bedroom,NA,NA,NA,NA,NA,38.10486,NA,-78.56577,1,1,3,NA,NA,1,190,NA,NA,32545251,NA,NA,NA,https://www.airbnb.com/rooms/32545251,AirBnB,NA,NA,141,"<a href='https://www.airbnb.com/rooms/32545251'>AirBnB--32545251</a>
<br>
row-num:141"
NA,bath,bed,bedroom,NA,NA,NA,NA,NA,38.10457,NA,-78.5656,1,1,2,NA,NA,1,175,NA,NA,32545260,NA,NA,NA,https://www.airbnb.com/rooms/32545260,AirBnB,NA,NA,142,"<a href='https://www.airbnb.com/rooms/32545260'>AirBnB--32545260</a>
<br>
row-num:142"
NA,bath,bed,bedroom,NA,NA,NA,NA,NA,38.10261,NA,-78.56566,1,1,3,NA,NA,1,189,NA,NA,32545438,NA,NA,NA,https://www.airbnb.com/rooms/32545438,AirBnB,NA,NA,143,"<a href='https://www.airbnb.com/rooms/32545438'>AirBnB--32545438</a>
<br>
row-num:143"
NA,bath,beds,bedroom,NA,NA,NA,NA,NA,38.10258,NA,-78.56485,1,2,2,NA,NA,1,189,NA,NA,32545442,NA,NA,NA,https://www.airbnb.com/rooms/32545442,AirBnB,NA,NA,144,"<a href='https://www.airbnb.com/rooms/32545442'>AirBnB--32545442</a>
<br>
row-num:144"
10,private bath,bed,bedroom,10,10,10,97,NA,38.02307,10,-78.47859,1,1,2,NA,65,1,52.11764705882353,5,NA,32683856,NA,NA,10,https://www.airbnb.com/rooms/32683856,AirBnB,NA,NA,145,"<a href='https://www.airbnb.com/rooms/32683856'>AirBnB--32683856</a>
<br>
row-num:145"
10,bath,bed,Studio,10,10,10,98,NA,38.02458,10,-78.47789,1,1,2,NA,24,0,50.628571428571426,5,NA,33094202,NA,NA,10,https://www.airbnb.com/rooms/33094202,AirBnB,NA,NA,146,"<a href='https://www.airbnb.com/rooms/33094202'>AirBnB--33094202</a>
<br>
row-num:146"
10,bath,bed,Studio,10,10,10,100,NA,38.04355,10,-78.45915,1,1,2,NA,42,0,80,5,NA,33165198,NA,NA,10,https://www.airbnb.com/rooms/33165198,AirBnB,NA,NA,147,"<a href='https://www.airbnb.com/rooms/33165198'>AirBnB--33165198</a>
<br>
row-num:147"
10,bath,beds,bedrooms,10,10,10,99,NA,38.0497,10,-78.4929,1,2,4,NA,19,2,102,5,NA,33431471,NA,NA,10,https://www.airbnb.com/rooms/33431471,AirBnB,NA,NA,148,"<a href='https://www.airbnb.com/rooms/33431471'>AirBnB--33431471</a>
<br>
row-num:148"
10,bath,bed,bedroom,10,10,10,97,NA,38.04266,10,-78.46288,1,1,2,NA,68,1,67.66666666666667,5,NA,33658833,NA,NA,10,https://www.airbnb.com/rooms/33658833,AirBnB,NA,NA,149,"<a href='https://www.airbnb.com/rooms/33658833'>AirBnB--33658833</a>
<br>
row-num:149"
10,shared bath,bed,bedroom,10,9,10,95,NA,38.04193,10,-78.49708,1,1,1,NA,14,1,51.37931034482759,5,NA,34092555,NA,NA,9,https://www.airbnb.com/rooms/34092555,AirBnB,NA,NA,150,"<a href='https://www.airbnb.com/rooms/34092555'>AirBnB--34092555</a>
<br>
row-num:150"
10,shared bath,bed,bedroom,10,10,10,100,NA,38.04829,10,-78.46064,1,1,3,NA,43,1,67.33333333333333,5,NA,34110658,NA,NA,10,https://www.airbnb.com/rooms/34110658,AirBnB,NA,NA,151,"<a href='https://www.airbnb.com/rooms/34110658'>AirBnB--34110658</a>
<br>
row-num:151"
10,baths,beds,bedrooms,10,10,10,99,NA,38.01783,10,-78.49542,2.5,2,4,NA,14,2,185,5,NA,34466238,NA,NA,10,https://www.airbnb.com/rooms/34466238,AirBnB,NA,NA,152,"<a href='https://www.airbnb.com/rooms/34466238'>AirBnB--34466238</a>
<br>
row-num:152"
10,bath,beds,bedroom,9,10,10,99,NA,38.03147,10,-78.48903,1,4,2,NA,15,1,129,5,NA,34540602,NA,NA,10,https://www.airbnb.com/rooms/34540602,AirBnB,NA,NA,153,"<a href='https://www.airbnb.com/rooms/34540602'>AirBnB--34540602</a>
<br>
row-num:153"
9,shared bath,bed,bedroom,10,9,10,93,NA,38.07446,10,-78.48309,1,1,1,NA,11,1,47.77777777777778,4.5,NA,34603215,NA,NA,9,https://www.airbnb.com/rooms/34603215,AirBnB,NA,NA,154,"<a href='https://www.airbnb.com/rooms/34603215'>AirBnB--34603215</a>
<br>
row-num:154"
10,private bath,bed,bedroom,10,10,10,99,NA,38.04362,10,-78.48674,1,1,2,NA,24,1,125,5,NA,34742185,NA,NA,10,https://www.airbnb.com/rooms/34742185,AirBnB,NA,NA,155,"<a href='https://www.airbnb.com/rooms/34742185'>AirBnB--34742185</a>
<br>
row-num:155"
10,bath,beds,bedroom,10,10,10,99,NA,38.03211,10,-78.48876,1,2,4,NA,27,1,120,5,NA,35287055,NA,NA,10,https://www.airbnb.com/rooms/35287055,AirBnB,NA,NA,156,"<a href='https://www.airbnb.com/rooms/35287055'>AirBnB--35287055</a>
<br>
row-num:156"
10,shared baths,beds,bedrooms,10,9,10,96,NA,38.07791,10,-78.51479,1.5,4,6,NA,68,2,43.666666666666664,5,NA,35309757,NA,NA,9,https://www.airbnb.com/rooms/35309757,AirBnB,NA,NA,157,"<a href='https://www.airbnb.com/rooms/35309757'>AirBnB--35309757</a>
<br>
row-num:157"
10,bath,beds,bedroom,10,10,10,96,NA,38.02452,10,-78.47532,1,0,2,NA,11,1,137,5,NA,35548485,NA,NA,10,https://www.airbnb.com/rooms/35548485,AirBnB,NA,NA,158,"<a href='https://www.airbnb.com/rooms/35548485'>AirBnB--35548485</a>
<br>
row-num:158"
10,shared bath,bed,bedroom,10,10,10,97,NA,38.07579,10,-78.48252,1,1,1,NA,15,1,47.5,5,NA,35579325,NA,NA,10,https://www.airbnb.com/rooms/35579325,AirBnB,NA,NA,159,"<a href='https://www.airbnb.com/rooms/35579325'>AirBnB--35579325</a>
<br>
row-num:159"
10,bath,bed,bedroom,10,10,10,98,NA,38.02254,10,-78.47511,1,1,2,NA,12,1,139,5,NA,35612445,NA,NA,10,https://www.airbnb.com/rooms/35612445,AirBnB,NA,NA,160,"<a href='https://www.airbnb.com/rooms/35612445'>AirBnB--35612445</a>
<br>
row-num:160"
10,bath,bed,bedroom,10,10,10,97,NA,38.02442,10,-78.47482,1,1,2,NA,19,1,139,5,NA,35612463,NA,NA,10,https://www.airbnb.com/rooms/35612463,AirBnB,NA,NA,161,"<a href='https://www.airbnb.com/rooms/35612463'>AirBnB--35612463</a>
<br>
row-num:161"
10,baths,beds,bedrooms,9,10,9,96,NA,38.02262,10,-78.47407,2,2,4,NA,15,2,180,5,NA,35614125,NA,NA,10,https://www.airbnb.com/rooms/35614125,AirBnB,NA,NA,162,"<a href='https://www.airbnb.com/rooms/35614125'>AirBnB--35614125</a>
<br>
row-num:162"
10,bath,bed,bedroom,9,10,10,95,NA,38.02438,10,-78.47368,1,1,2,NA,4,1,169,5,NA,35614582,NA,NA,10,https://www.airbnb.com/rooms/35614582,AirBnB,NA,NA,163,"<a href='https://www.airbnb.com/rooms/35614582'>AirBnB--35614582</a>
<br>
row-num:163"
10,bath,bed,bedroom,10,10,10,98,NA,38.02332,10,-78.47618,1,1,2,NA,24,1,120,5,NA,35616538,NA,NA,10,https://www.airbnb.com/rooms/35616538,AirBnB,NA,NA,164,"<a href='https://www.airbnb.com/rooms/35616538'>AirBnB--35616538</a>
<br>
row-num:164"
10,bath,bed,bedroom,10,10,10,100,NA,38.02448,10,-78.47468,1,1,2,NA,8,1,120,5,NA,35616690,NA,NA,10,https://www.airbnb.com/rooms/35616690,AirBnB,NA,NA,165,"<a href='https://www.airbnb.com/rooms/35616690'>AirBnB--35616690</a>
<br>
row-num:165"
10,bath,bed,bedroom,10,10,10,93,NA,38.02448,10,-78.4749,1,1,2,NA,30,1,120,4.5,NA,35616987,NA,NA,10,https://www.airbnb.com/rooms/35616987,AirBnB,NA,NA,166,"<a href='https://www.airbnb.com/rooms/35616987'>AirBnB--35616987</a>
<br>
row-num:166"
8,shared bath,bed,bedroom,10,9,10,88,NA,38.08261,10,-78.48821,1,1,1,NA,8,1,46.888888888888886,4.5,NA,35645677,NA,NA,9,https://www.airbnb.com/rooms/35645677,AirBnB,NA,NA,167,"<a href='https://www.airbnb.com/rooms/35645677'>AirBnB--35645677</a>
<br>
row-num:167"
NA,private bath,bed,bedroom,NA,NA,NA,NA,NA,38.01359,NA,-78.51404,1,1,2,NA,NA,1,44.92307692307692,NA,NA,35743682,NA,NA,NA,https://www.airbnb.com/rooms/35743682,AirBnB,NA,NA,168,"<a href='https://www.airbnb.com/rooms/35743682'>AirBnB--35743682</a>
<br>
row-num:168"
10,bath,bed,Studio,10,9,10,96,NA,38.03801,10,-78.50214,1,1,2,NA,40,0,54.11764705882353,5,NA,35791399,NA,NA,9,https://www.airbnb.com/rooms/35791399,AirBnB,NA,NA,169,"<a href='https://www.airbnb.com/rooms/35791399'>AirBnB--35791399</a>
<br>
row-num:169"
NA,baths,beds,bedrooms,NA,NA,NA,NA,NA,38.04759,NA,-78.49398,2,3,6,NA,NA,3,165,NA,NA,35822286,NA,NA,NA,https://www.airbnb.com/rooms/35822286,AirBnB,NA,NA,170,"<a href='https://www.airbnb.com/rooms/35822286'>AirBnB--35822286</a>
<br>
row-num:170"
10,shared bath,bed,bedroom,10,10,10,97,NA,38.03426,10,-78.46745,1,1,2,NA,348,1,70,5,NA,362632,NA,NA,10,https://www.airbnb.com/rooms/362632,AirBnB,NA,NA,171,"<a href='https://www.airbnb.com/rooms/362632'>AirBnB--362632</a>
<br>
row-num:171"
10,baths,beds,bedrooms,10,9,10,93,NA,38.06217,10,-78.46669,2,3,4,NA,3,3,199,4.5,NA,36521202,NA,NA,9,https://www.airbnb.com/rooms/36521202,AirBnB,NA,NA,172,"<a href='https://www.airbnb.com/rooms/36521202'>AirBnB--36521202</a>
<br>
row-num:172"
10,private bath,beds,Studio,10,10,10,98,NA,38.01579,10,-78.47666,1,2,4,NA,22,0,49.5,5,NA,36727044,NA,NA,10,https://www.airbnb.com/rooms/36727044,AirBnB,NA,NA,173,"<a href='https://www.airbnb.com/rooms/36727044'>AirBnB--36727044</a>
<br>
row-num:173"
9,bath,beds,bedrooms,9,10,9,88,NA,38.04935,10,-78.4876,1,5,6,NA,12,2,160,4.5,NA,36756875,NA,NA,10,https://www.airbnb.com/rooms/36756875,AirBnB,NA,NA,174,"<a href='https://www.airbnb.com/rooms/36756875'>AirBnB--36756875</a>
<br>
row-num:174"
10,bath,beds,bedrooms,10,10,10,100,NA,38.02045,10,-78.48486,1,3,6,NA,23,3,99.5,5,NA,36960823,NA,NA,10,https://www.airbnb.com/rooms/36960823,AirBnB,NA,NA,175,"<a href='https://www.airbnb.com/rooms/36960823'>AirBnB--36960823</a>
<br>
row-num:175"
10,baths,beds,bedrooms,10,10,10,99,NA,38.02806,10,-78.48566,2.5,4,8,NA,19,4,149.5,5,NA,37198504,NA,NA,10,https://www.airbnb.com/rooms/37198504,AirBnB,NA,NA,176,"<a href='https://www.airbnb.com/rooms/37198504'>AirBnB--37198504</a>
<br>
row-num:176"
10,private bath,bed,bedroom,10,10,10,99,NA,38.0225,10,-78.49811,1,1,2,NA,35,1,47.142857142857146,5,NA,37199027,NA,NA,10,https://www.airbnb.com/rooms/37199027,AirBnB,NA,NA,177,"<a href='https://www.airbnb.com/rooms/37199027'>AirBnB--37199027</a>
<br>
row-num:177"
10,bath,bed,Studio,10,10,10,98,NA,38.03619,10,-78.46024,1,1,4,NA,8,0,100,5,NA,37213769,NA,NA,10,https://www.airbnb.com/rooms/37213769,AirBnB,NA,NA,178,"<a href='https://www.airbnb.com/rooms/37213769'>AirBnB--37213769</a>
<br>
row-num:178"
10,bath,bed,bedroom,10,10,10,99,NA,38.01811,10,-78.51687,1,1,2,NA,130,1,101,5,NA,3730726,NA,NA,10,https://www.airbnb.com/rooms/3730726,AirBnB,NA,NA,179,"<a href='https://www.airbnb.com/rooms/3730726'>AirBnB--3730726</a>
<br>
row-num:179"
10,baths,beds,bedrooms,10,10,10,99,NA,38.11656,10,-78.52497,2,5,0,NA,16,4,175,5,NA,37482572,NA,NA,10,https://www.airbnb.com/rooms/37482572,AirBnB,NA,NA,180,"<a href='https://www.airbnb.com/rooms/37482572'>AirBnB--37482572</a>
<br>
row-num:180"
10,bath,bed,bedroom,10,10,10,89,NA,38.02294,10,-78.47524,1,1,2,NA,15,1,143,4.5,NA,37714020,NA,NA,10,https://www.airbnb.com/rooms/37714020,AirBnB,NA,NA,181,"<a href='https://www.airbnb.com/rooms/37714020'>AirBnB--37714020</a>
<br>
row-num:181"
10,baths,beds,bedrooms,10,10,10,97,NA,38.03528,10,-78.48001,1.5,3,6,NA,47,2,69,5,NA,37817044,NA,NA,10,https://www.airbnb.com/rooms/37817044,AirBnB,NA,NA,182,"<a href='https://www.airbnb.com/rooms/37817044'>AirBnB--37817044</a>
<br>
row-num:182"
10,bath,beds,bedroom,10,10,10,100,NA,38.02338,10,-78.48274,1,2,4,NA,12,1,129,5,NA,37882577,NA,NA,10,https://www.airbnb.com/rooms/37882577,AirBnB,NA,NA,183,"<a href='https://www.airbnb.com/rooms/37882577'>AirBnB--37882577</a>
<br>
row-num:183"
10,bath,beds,bedroom,10,9,10,99,NA,38.0701,10,-78.52046,1,2,2,NA,20,1,50.30769230769231,5,NA,38255734,NA,NA,9,https://www.airbnb.com/rooms/38255734,AirBnB,NA,NA,184,"<a href='https://www.airbnb.com/rooms/38255734'>AirBnB--38255734</a>
<br>
row-num:184"
10,baths,beds,bedrooms,10,10,10,100,NA,38.04402,10,-78.46081,3.5,2,8,NA,9,3,150,5,NA,38325147,NA,NA,10,https://www.airbnb.com/rooms/38325147,AirBnB,NA,NA,185,"<a href='https://www.airbnb.com/rooms/38325147'>AirBnB--38325147</a>
<br>
row-num:185"
10,bath,beds,bedroom,10,10,10,100,NA,38.069,10,-78.40987,1,2,3,NA,8,1,175,5,NA,38327976,NA,NA,10,https://www.airbnb.com/rooms/38327976,AirBnB,NA,NA,186,"<a href='https://www.airbnb.com/rooms/38327976'>AirBnB--38327976</a>
<br>
row-num:186"
10,bath,beds,bedrooms,10,10,10,100,NA,38.02582,10,-78.50689,1,3,6,NA,3,3,200,5,NA,38438005,NA,NA,10,https://www.airbnb.com/rooms/38438005,AirBnB,NA,NA,187,"<a href='https://www.airbnb.com/rooms/38438005'>AirBnB--38438005</a>
<br>
row-num:187"
10,bath,bed,bedroom,10,10,10,99,NA,38.02347,10,-78.50087,1,1,4,NA,18,1,56.411764705882355,5,NA,38573765,NA,NA,10,https://www.airbnb.com/rooms/38573765,AirBnB,NA,NA,188,"<a href='https://www.airbnb.com/rooms/38573765'>AirBnB--38573765</a>
<br>
row-num:188"
10,baths,beds,bedrooms,10,9,10,95,NA,38.0301,10,-78.50239,2,3,6,NA,15,3,139.5,5,NA,38623549,NA,NA,9,https://www.airbnb.com/rooms/38623549,AirBnB,NA,NA,189,"<a href='https://www.airbnb.com/rooms/38623549'>AirBnB--38623549</a>
<br>
row-num:189"
NA,bath,beds,bedroom,NA,NA,NA,NA,NA,38.04214,NA,-78.49667,1,2,5,NA,NA,1,191,NA,NA,39487288,NA,NA,NA,https://www.airbnb.com/rooms/39487288,AirBnB,NA,NA,190,"<a href='https://www.airbnb.com/rooms/39487288'>AirBnB--39487288</a>
<br>
row-num:190"
NA,bath,beds,bedrooms,NA,NA,NA,NA,NA,38.02199,NA,-78.48343,1,3,6,NA,NA,3,170,NA,NA,39610939,NA,NA,NA,https://www.airbnb.com/rooms/39610939,AirBnB,NA,NA,191,"<a href='https://www.airbnb.com/rooms/39610939'>AirBnB--39610939</a>
<br>
row-num:191"
10,bath,bed,bedroom,10,9,10,96,NA,38.03169,10,-78.47965,1,1,4,NA,10,1,80,5,NA,39694122,NA,NA,9,https://www.airbnb.com/rooms/39694122,AirBnB,NA,NA,192,"<a href='https://www.airbnb.com/rooms/39694122'>AirBnB--39694122</a>
<br>
row-num:192"
10,shared bath,bed,bedroom,10,10,10,100,NA,38.023,10,-78.50565,1,1,1,NA,4,1,49.91428571428571,5,NA,39727307,NA,NA,10,https://www.airbnb.com/rooms/39727307,AirBnB,NA,NA,193,"<a href='https://www.airbnb.com/rooms/39727307'>AirBnB--39727307</a>
<br>
row-num:193"
NA,private bath,bed,bedroom,NA,NA,NA,NA,NA,38.03141,NA,-78.50585,1,1,2,NA,NA,1,140,NA,NA,39895030,NA,NA,NA,https://www.airbnb.com/rooms/39895030,AirBnB,NA,NA,194,"<a href='https://www.airbnb.com/rooms/39895030'>AirBnB--39895030</a>
<br>
row-num:194"
10,bath,beds,bedrooms,10,10,10,99,NA,38.02275,10,-78.47306,1,2,4,NA,215,2,122,5,NA,3997007,NA,NA,10,https://www.airbnb.com/rooms/3997007,AirBnB,NA,NA,195,"<a href='https://www.airbnb.com/rooms/3997007'>AirBnB--3997007</a>
<br>
row-num:195"
10,bath,beds,bedrooms,10,10,10,100,NA,38.02874,10,-78.46536,1,2,4,NA,4,2,99,5,NA,40121564,NA,NA,10,https://www.airbnb.com/rooms/40121564,AirBnB,NA,NA,196,"<a href='https://www.airbnb.com/rooms/40121564'>AirBnB--40121564</a>
<br>
row-num:196"
10,baths,beds,bedrooms,10,9,10,92,NA,38.0396,9,-78.4618,2.5,3,4,NA,7,3,199,4.5,NA,403373,NA,NA,9,https://www.airbnb.com/rooms/403373,AirBnB,NA,NA,197,"<a href='https://www.airbnb.com/rooms/403373'>AirBnB--403373</a>
<br>
row-num:197"
NA,bath,beds,bedroom,NA,NA,NA,NA,NA,38.05011,NA,-78.49879,1,0,4,NA,NA,1,150,NA,NA,40432357,NA,NA,NA,https://www.airbnb.com/rooms/40432357,AirBnB,NA,NA,198,"<a href='https://www.airbnb.com/rooms/40432357'>AirBnB--40432357</a>
<br>
row-num:198"
10,bath,beds,bedrooms,10,10,10,100,NA,38.03696,10,-78.47613,1,2,6,NA,7,2,75,5,NA,40454959,NA,NA,10,https://www.airbnb.com/rooms/40454959,AirBnB,NA,NA,199,"<a href='https://www.airbnb.com/rooms/40454959'>AirBnB--40454959</a>
<br>
row-num:199"
10,baths,beds,bedrooms,10,10,10,100,NA,38.03096,10,-78.49203,2,2,6,NA,4,2,96,5,NA,40455511,NA,NA,10,https://www.airbnb.com/rooms/40455511,AirBnB,NA,NA,200,"<a href='https://www.airbnb.com/rooms/40455511'>AirBnB--40455511</a>
<br>
row-num:200"
10,bath,beds,bedrooms,10,10,10,99,NA,38.04305,10,-78.46014,1,2,4,NA,72,2,195,5,NA,4085607,NA,NA,10,https://www.airbnb.com/rooms/4085607,AirBnB,NA,NA,201,"<a href='https://www.airbnb.com/rooms/4085607'>AirBnB--4085607</a>
<br>
row-num:201"
10,bath,beds,bedrooms,10,10,10,99,NA,37.98611,10,-78.54014,1,2,6,NA,96,2,165,5,NA,4151622,NA,NA,10,https://www.airbnb.com/rooms/4151622,AirBnB,NA,NA,202,"<a href='https://www.airbnb.com/rooms/4151622'>AirBnB--4151622</a>
<br>
row-num:202"
10,bath,bed,bedroom,10,10,10,100,NA,38.03052,10,-78.47227,1,1,2,NA,66,1,171,5,NA,4342251,NA,NA,10,https://www.airbnb.com/rooms/4342251,AirBnB,NA,NA,203,"<a href='https://www.airbnb.com/rooms/4342251'>AirBnB--4342251</a>
<br>
row-num:203"
10,bath,bed,Studio,10,10,10,99,NA,38.04871,10,-78.49282,1,1,2,NA,404,0,75,5,NA,4693831,NA,NA,10,https://www.airbnb.com/rooms/4693831,AirBnB,NA,NA,204,"<a href='https://www.airbnb.com/rooms/4693831'>AirBnB--4693831</a>
<br>
row-num:204"
10,bath,bed,bedroom,10,10,10,97,NA,38.02318,10,-78.46026,1,1,2,NA,124,1,145,5,NA,4950655,NA,NA,10,https://www.airbnb.com/rooms/4950655,AirBnB,NA,NA,205,"<a href='https://www.airbnb.com/rooms/4950655'>AirBnB--4950655</a>
<br>
row-num:205"
10,bath,beds,bedrooms,10,10,10,100,NA,38.02553,10,-78.51542,1,3,4,NA,26,2,155,5,NA,4961336,NA,NA,10,https://www.airbnb.com/rooms/4961336,AirBnB,NA,NA,206,"<a href='https://www.airbnb.com/rooms/4961336'>AirBnB--4961336</a>
<br>
row-num:206"
10,bath,beds,bedrooms,10,10,10,99,NA,38.02133,10,-78.4741,1,3,5,NA,201,2,113,5,NA,5352948,NA,NA,10,https://www.airbnb.com/rooms/5352948,AirBnB,NA,NA,207,"<a href='https://www.airbnb.com/rooms/5352948'>AirBnB--5352948</a>
<br>
row-num:207"
NA,bath,bed,bedroom,NA,NA,NA,NA,NA,38.10324,NA,-78.56568,1,1,2,NA,NA,1,171.5,NA,NA,5457390,NA,NA,NA,https://www.airbnb.com/rooms/5457390,AirBnB,NA,NA,208,"<a href='https://www.airbnb.com/rooms/5457390'>AirBnB--5457390</a>
<br>
row-num:208"
10,bath,bed,bedroom,10,10,10,99,NA,38.05251,10,-78.49094,1,1,2,NA,108,1,99.5,5,NA,6015460,NA,NA,10,https://www.airbnb.com/rooms/6015460,AirBnB,NA,NA,209,"<a href='https://www.airbnb.com/rooms/6015460'>AirBnB--6015460</a>
<br>
row-num:209"
10,bath,bed,bedroom,10,10,10,98,NA,38.03563,10,-78.47062,1,1,2,NA,205,1,47.22222222222222,5,NA,6106699,NA,NA,10,https://www.airbnb.com/rooms/6106699,AirBnB,NA,NA,210,"<a href='https://www.airbnb.com/rooms/6106699'>AirBnB--6106699</a>
<br>
row-num:210"
10,baths,beds,bedrooms,10,10,10,100,NA,38.02846,10,-78.50085,1.5,2,2,NA,86,2,140,5,NA,6391242,NA,NA,10,https://www.airbnb.com/rooms/6391242,AirBnB,NA,NA,211,"<a href='https://www.airbnb.com/rooms/6391242'>AirBnB--6391242</a>
<br>
row-num:211"
9,bath,beds,bedrooms,10,9,10,85,NA,38.02444,9,-78.47941,1,0,4,NA,42,2,110,4.5,NA,6431316,NA,NA,9,https://www.airbnb.com/rooms/6431316,AirBnB,NA,NA,212,"<a href='https://www.airbnb.com/rooms/6431316'>AirBnB--6431316</a>
<br>
row-num:212"
10,bath,bed,Studio,10,10,10,94,NA,38.04242,10,-78.48728,1,1,2,NA,178,0,99.5,4.5,NA,6467552,NA,NA,10,https://www.airbnb.com/rooms/6467552,AirBnB,NA,NA,213,"<a href='https://www.airbnb.com/rooms/6467552'>AirBnB--6467552</a>
<br>
row-num:213"
9,bath,beds,bedrooms,10,9,10,94,NA,38.02859,9,-78.49081,1,2,4,NA,75,2,108.5,4.5,NA,666284,NA,NA,9,https://www.airbnb.com/rooms/666284,AirBnB,NA,NA,214,"<a href='https://www.airbnb.com/rooms/666284'>AirBnB--666284</a>
<br>
row-num:214"
10,bath,bed,bedroom,10,10,10,98,NA,38.03915,10,-78.46158,1,1,4,NA,217,1,99,5,NA,6674438,NA,NA,10,https://www.airbnb.com/rooms/6674438,AirBnB,NA,NA,215,"<a href='https://www.airbnb.com/rooms/6674438'>AirBnB--6674438</a>
<br>
row-num:215"
10,bath,bed,bedroom,10,9,10,94,NA,38.04465,10,-78.45557,1,1,3,NA,63,1,111.5,4.5,NA,6922178,NA,NA,9,https://www.airbnb.com/rooms/6922178,AirBnB,NA,NA,216,"<a href='https://www.airbnb.com/rooms/6922178'>AirBnB--6922178</a>
<br>
row-num:216"
10,bath,bed,bedroom,10,10,10,96,NA,38.04465,10,-78.45598,1,1,2,NA,504,1,54.8235294117647,5,NA,6967254,NA,NA,10,https://www.airbnb.com/rooms/6967254,AirBnB,NA,NA,217,"<a href='https://www.airbnb.com/rooms/6967254'>AirBnB--6967254</a>
<br>
row-num:217"
10,bath,beds,bedrooms,10,10,10,100,NA,38.00153,10,-78.54572,1,2,4,NA,126,2,165,5,NA,7033381,NA,NA,10,https://www.airbnb.com/rooms/7033381,AirBnB,NA,NA,218,"<a href='https://www.airbnb.com/rooms/7033381'>AirBnB--7033381</a>
<br>
row-num:218"
10,baths,beds,bedrooms,10,10,10,99,NA,38.02834,10,-78.4667,2,2,4,NA,197,2,139,5,NA,7086685,NA,NA,10,https://www.airbnb.com/rooms/7086685,AirBnB,NA,NA,219,"<a href='https://www.airbnb.com/rooms/7086685'>AirBnB--7086685</a>
<br>
row-num:219"
10,shared bath,bed,bedroom,10,10,10,97,NA,38.0315,10,-78.50179,1,1,3,NA,380,1,68.6,5,NA,7279476,NA,NA,10,https://www.airbnb.com/rooms/7279476,AirBnB,NA,NA,220,"<a href='https://www.airbnb.com/rooms/7279476'>AirBnB--7279476</a>
<br>
row-num:220"
10,baths,beds,bedrooms,10,10,10,96,NA,38.02905,10,-78.49351,2,4,6,NA,193,2,180,5,NA,774005,NA,NA,10,https://www.airbnb.com/rooms/774005,AirBnB,NA,NA,221,"<a href='https://www.airbnb.com/rooms/774005'>AirBnB--774005</a>
<br>
row-num:221"
10,bath,bed,bedroom,10,10,10,99,NA,38.06349,10,-78.47648,1,1,4,NA,350,1,75,5,NA,7815840,NA,NA,10,https://www.airbnb.com/rooms/7815840,AirBnB,NA,NA,222,"<a href='https://www.airbnb.com/rooms/7815840'>AirBnB--7815840</a>
<br>
row-num:222"
10,bath,beds,bedroom,10,9,10,95,NA,38.02297,10,-78.4916,1,2,4,NA,63,1,118,5,NA,7912919,NA,NA,9,https://www.airbnb.com/rooms/7912919,AirBnB,NA,NA,223,"<a href='https://www.airbnb.com/rooms/7912919'>AirBnB--7912919</a>
<br>
row-num:223"
10,bath,beds,bedroom,10,10,10,96,NA,38.03517,10,-78.49378,1,3,6,NA,439,1,87.5,5,NA,8300730,NA,NA,10,https://www.airbnb.com/rooms/8300730,AirBnB,NA,NA,224,"<a href='https://www.airbnb.com/rooms/8300730'>AirBnB--8300730</a>
<br>
row-num:224"
10,bath,bed,bedroom,10,10,10,99,NA,38.02557,10,-78.51248,1,1,2,NA,143,1,113,5,NA,8497015,NA,NA,10,https://www.airbnb.com/rooms/8497015,AirBnB,NA,NA,225,"<a href='https://www.airbnb.com/rooms/8497015'>AirBnB--8497015</a>
<br>
row-num:225"
10,bath,bed,bedroom,10,10,10,98,NA,38.02439,10,-78.47304,1,1,2,NA,212,1,84,5,NA,8569777,NA,NA,10,https://www.airbnb.com/rooms/8569777,AirBnB,NA,NA,226,"<a href='https://www.airbnb.com/rooms/8569777'>AirBnB--8569777</a>
<br>
row-num:226"
10,baths,beds,bedrooms,10,10,10,98,NA,38.00874,10,-78.52628,2,2,4,NA,57,2,150,5,NA,864877,NA,NA,10,https://www.airbnb.com/rooms/864877,AirBnB,NA,NA,227,"<a href='https://www.airbnb.com/rooms/864877'>AirBnB--864877</a>
<br>
row-num:227"
10,baths,beds,bedrooms,10,10,10,100,NA,38.03121,10,-78.49335,3,3,6,NA,8,3,999,5,NA,898058,NA,NA,10,https://www.airbnb.com/rooms/898058,AirBnB,NA,NA,228,"<a href='https://www.airbnb.com/rooms/898058'>AirBnB--898058</a>
<br>
row-num:228"
10,baths,beds,bedrooms,10,10,10,100,NA,38.09515,10,-78.50851,1.5,2,5,NA,17,2,178,5,NA,9127937,NA,NA,10,https://www.airbnb.com/rooms/9127937,AirBnB,NA,NA,229,"<a href='https://www.airbnb.com/rooms/9127937'>AirBnB--9127937</a>
<br>
row-num:229"
9,baths,beds,bedrooms,10,8,10,89,NA,38.06314,10,-78.51101,2.5,2,4,NA,15,2,170,4.5,NA,9128600,NA,NA,8,https://www.airbnb.com/rooms/9128600,AirBnB,NA,NA,230,"<a href='https://www.airbnb.com/rooms/9128600'>AirBnB--9128600</a>
<br>
row-num:230"
9,bath,beds,bedroom,10,10,10,91,NA,38.03506,10,-78.47718,1,2,4,NA,19,1,155,4.5,NA,9129433,NA,NA,10,https://www.airbnb.com/rooms/9129433,AirBnB,NA,NA,231,"<a href='https://www.airbnb.com/rooms/9129433'>AirBnB--9129433</a>
<br>
row-num:231"
10,bath,bed,bedroom,10,10,9,94,NA,38.02277,9,-78.47206,1,1,3,NA,39,1,120,4.5,NA,9129723,NA,NA,10,https://www.airbnb.com/rooms/9129723,AirBnB,NA,NA,232,"<a href='https://www.airbnb.com/rooms/9129723'>AirBnB--9129723</a>
<br>
row-num:232"
10,baths,beds,bedroom,10,10,10,94,NA,38.03165,10,-78.48225,2,2,4,NA,32,1,120,4.5,NA,9129775,NA,NA,10,https://www.airbnb.com/rooms/9129775,AirBnB,NA,NA,233,"<a href='https://www.airbnb.com/rooms/9129775'>AirBnB--9129775</a>
<br>
row-num:233"
10,bath,beds,bedrooms,10,10,10,96,NA,38.0193,10,-78.48159,1,3,5,NA,224,2,140,5,NA,914564,NA,NA,10,https://www.airbnb.com/rooms/914564,AirBnB,NA,NA,234,"<a href='https://www.airbnb.com/rooms/914564'>AirBnB--914564</a>
<br>
row-num:234"
10,bath,beds,bedroom,10,10,10,99,NA,38.02219,10,-78.49009,1,2,4,NA,262,1,90,5,NA,9212680,NA,NA,10,https://www.airbnb.com/rooms/9212680,AirBnB,NA,NA,235,"<a href='https://www.airbnb.com/rooms/9212680'>AirBnB--9212680</a>
<br>
row-num:235"
10,baths,beds,bedrooms,10,9,10,98,NA,38.03008,10,-78.50681,2,4,7,NA,198,3,140,5,NA,9274661,NA,NA,9,https://www.airbnb.com/rooms/9274661,AirBnB,NA,NA,236,"<a href='https://www.airbnb.com/rooms/9274661'>AirBnB--9274661</a>
<br>
row-num:236"
10,bath,bed,bedroom,10,10,10,100,NA,38.0431,10,-78.46052,1,1,4,NA,11,1,170,5,NA,9541865,NA,NA,10,https://www.airbnb.com/rooms/9541865,AirBnB,NA,NA,237,"<a href='https://www.airbnb.com/rooms/9541865'>AirBnB--9541865</a>
<br>
row-num:237"
10,baths,beds,bedrooms,10,10,10,98,NA,38.02536,10,-78.4813,2,2,4,NA,185,2,100,5,NA,9704469,NA,NA,10,https://www.airbnb.com/rooms/9704469,AirBnB,NA,NA,238,"<a href='https://www.airbnb.com/rooms/9704469'>AirBnB--9704469</a>
<br>
row-num:238"
10,baths,beds,bedrooms,10,9,10,95,NA,38.02954,10,-78.46901,1.5,3,5,NA,53,3,132,5,NA,9708611,NA,NA,9,https://www.airbnb.com/rooms/9708611,AirBnB,NA,NA,239,"<a href='https://www.airbnb.com/rooms/9708611'>AirBnB--9708611</a>
<br>
row-num:239"
10,baths,bed,bedroom,10,10,10,98,NA,38.03524,10,-78.47976,1.5,1,2,NA,245,1,64.66666666666667,5,NA,98084,NA,NA,10,https://www.airbnb.com/rooms/98084,AirBnB,NA,NA,240,"<a href='https://www.airbnb.com/rooms/98084'>AirBnB--98084</a>
<br>
row-num:240"
10,bath,bed,bedroom,10,10,10,96,NA,38.0462,10,-78.49944,1,1,2,NA,23,1,192.5,5,NA,9935991,NA,NA,10,https://www.airbnb.com/rooms/9935991,AirBnB,NA,NA,241,"<a href='https://www.airbnb.com/rooms/9935991'>AirBnB--9935991</a>
<br>
row-num:241"
NA,baths,beds,bedrooms,NA,NA,NA,NA,NA,38.04617,NA,-78.46079,2.5,3,6,NA,NA,2,142,NA,NA,NA,NA,NA,NA,https://www.airbnb.com/rooms/NA,AirBnB,NA,NA,242,"<a href='https://www.airbnb.com/rooms/NA'>AirBnB--NA</a>
<br>
row-num:242"
NA,NA,NA,Apartment,NA,NA,NA,NA,NA,38.04774947,NA,-78.49313105,1,2,3,NA,15,NA,135,4.9,NA,622624,NA,NA,NA,https://www.vrbo.com/622624,VRBO,1280,7,243,"<a href='https://www.vrbo.com/622624'>VRBO--622624</a>
<br>
row-num:243"
NA,NA,NA,Cabin,NA,NA,NA,NA,NA,38.046892,NA,-78.484312,1,1,4,NA,19,NA,140,4.9,NA,688243,NA,NA,NA,https://www.vrbo.com/688243,VRBO,344,3,244,"<a href='https://www.vrbo.com/688243'>VRBO--688243</a>
<br>
row-num:244"
NA,NA,NA,Apartment,NA,NA,NA,NA,NA,38.028447,NA,-78.471883,1,1,2,NA,59,NA,150,4.7,NA,988957ha,NA,NA,NA,https://www.vrbo.com/988957ha,VRBO,750,3,245,"<a href='https://www.vrbo.com/988957ha'>VRBO--988957ha</a>
<br>
row-num:245"
NA,NA,NA,House,NA,NA,NA,NA,NA,38.04934857,NA,-78.48896004,1,2,4,NA,33,NA,200,4.8,NA,384438,NA,NA,NA,https://www.vrbo.com/384438,VRBO,1000,2,246,"<a href='https://www.vrbo.com/384438'>VRBO--384438</a>
<br>
row-num:246"
NA,NA,NA,House,NA,NA,NA,NA,NA,38.034012,NA,-78.47738,NA,1,6,NA,86,NA,250,4.9,NA,3660449ha,NA,NA,NA,https://www.vrbo.com/3660449ha,VRBO,1400,2,247,"<a href='https://www.vrbo.com/3660449ha'>VRBO--3660449ha</a>
<br>
row-num:247"
NA,NA,NA,Hotel,NA,NA,NA,NA,NA,38.03255327,NA,-78.48205878,1,1,2,NA,3,NA,180,NA,NA,7160443ha,NA,NA,NA,https://www.vrbo.com/7160443ha,VRBO,295,13,248,"<a href='https://www.vrbo.com/7160443ha'>VRBO--7160443ha</a>
<br>
row-num:248"
NA,NA,NA,House,NA,NA,NA,NA,NA,38.03737104,NA,-78.48077769,1,2,4,NA,12,NA,170,4.5,NA,4706726ha,NA,NA,NA,https://www.vrbo.com/4706726ha,VRBO,0,1 night,249,"<a href='https://www.vrbo.com/4706726ha'>VRBO--4706726ha</a>
<br>
row-num:249"
NA,NA,NA,Condo,NA,NA,NA,NA,NA,38.03258984,NA,-78.48469325,NA,2,4,NA,5,NA,575,5,NA,1433059,NA,NA,NA,https://www.vrbo.com/1433059,VRBO,0,2,250,"<a href='https://www.vrbo.com/1433059'>VRBO--1433059</a>
<br>
row-num:250"
NA,NA,NA,House,NA,NA,NA,NA,NA,38.03453113,NA,-78.48337046,3,3,6,NA,5,NA,407,4.6,NA,7388323ha,NA,NA,NA,https://www.vrbo.com/7388323ha,VRBO,2266,23,251,"<a href='https://www.vrbo.com/7388323ha'>VRBO--7388323ha</a>
<br>
row-num:251"
NA,NA,NA,Apartment,NA,NA,NA,NA,NA,38.02284,NA,-78.49994,1,1,2,NA,2,NA,88,NA,NA,4767323ha,NA,NA,NA,https://www.vrbo.com/4767323ha,VRBO,0,2,252,"<a href='https://www.vrbo.com/4767323ha'>VRBO--4767323ha</a>
<br>
row-num:252"
NA,NA,NA,Hotel,NA,NA,NA,NA,NA,38.02933354,NA,-78.48215382,1,1,2,NA,2,NA,180,NA,NA,7160441ha,NA,NA,NA,https://www.vrbo.com/7160441ha,VRBO,333,13,253,"<a href='https://www.vrbo.com/7160441ha'>VRBO--7160441ha</a>
<br>
row-num:253"
NA,NA,NA,House,NA,NA,NA,NA,NA,38.02607189,NA,-78.47217703,1,1,3,NA,7,NA,150,4.6,NA,4267288ha,NA,NA,NA,https://www.vrbo.com/4267288ha,VRBO,0,23,254,"<a href='https://www.vrbo.com/4267288ha'>VRBO--4267288ha</a>
<br>
row-num:254"
NA,NA,NA,Townhome,NA,NA,NA,NA,NA,38.0163731,NA,-78.4749769,4,2,6,NA,42,NA,205,4.9,NA,920504,NA,NA,NA,https://www.vrbo.com/920504,VRBO,1600,2,255,"<a href='https://www.vrbo.com/920504'>VRBO--920504</a>
<br>
row-num:255"
NA,NA,NA,Condo,NA,NA,NA,NA,NA,38.03153251,NA,-78.48335735,2,1,4,NA,3,NA,220,NA,NA,7160478ha,NA,NA,NA,https://www.vrbo.com/7160478ha,VRBO,890,23,256,"<a href='https://www.vrbo.com/7160478ha'>VRBO--7160478ha</a>
<br>
row-num:256"
NA,NA,NA,Cabin,NA,NA,NA,NA,NA,38.02962875,NA,-78.46417999,2,NA,4,NA,26,NA,79,4.4,NA,319872,NA,NA,NA,https://www.vrbo.com/319872,VRBO,400,NA,257,"<a href='https://www.vrbo.com/319872'>VRBO--319872</a>
<br>
row-num:257"
NA,NA,NA,Bungalow,NA,NA,NA,NA,NA,38.02662659,NA,-78.47418976,1,2,4,NA,61,NA,225,5,NA,333691,NA,NA,NA,https://www.vrbo.com/333691,VRBO,800,23,258,"<a href='https://www.vrbo.com/333691'>VRBO--333691</a>
<br>
row-num:258"
NA,NA,NA,Townhome,NA,NA,NA,NA,NA,38.01812573,NA,-78.50798989,NA,3,6,NA,3,NA,607,NA,NA,730401,NA,NA,NA,https://www.vrbo.com/730401,VRBO,2050,2,259,"<a href='https://www.vrbo.com/730401'>VRBO--730401</a>
<br>
row-num:259"
NA,NA,NA,Estate,NA,NA,NA,NA,NA,38.03962897,NA,-78.50805532,3,5,10,NA,2,NA,953,NA,NA,7160448ha,NA,NA,NA,https://www.vrbo.com/7160448ha,VRBO,4670,23,260,"<a href='https://www.vrbo.com/7160448ha'>VRBO--7160448ha</a>
<br>
row-num:260"
NA,NA,NA,House,NA,NA,NA,NA,NA,38.0254283,NA,-78.5221335,NA,3,8,NA,6,NA,249,5,NA,1046559,NA,NA,NA,https://www.vrbo.com/1046559,VRBO,1100,12,261,"<a href='https://www.vrbo.com/1046559'>VRBO--1046559</a>
<br>
row-num:261"
NA,NA,NA,House,NA,NA,NA,NA,NA,38.023528,NA,-78.51813,NA,3,10,NA,28,NA,120,3.9,NA,856423,NA,NA,NA,https://www.vrbo.com/856423,VRBO,2000,2,262,"<a href='https://www.vrbo.com/856423'>VRBO--856423</a>
<br>
row-num:262"
NA,NA,NA,House,NA,NA,NA,NA,NA,38.05216626,NA,-78.50008377,6,5,10,NA,NA,NA,793,NA,NA,9290037ha,NA,NA,NA,https://www.vrbo.com/9290037ha,VRBO,3628,23,263,"<a href='https://www.vrbo.com/9290037ha'>VRBO--9290037ha</a>
<br>
row-num:263"
NA,NA,NA,House,NA,NA,NA,NA,NA,38.055456,NA,-78.489806,NA,6,26,NA,4,NA,1457,NA,NA,3918084ha,NA,NA,NA,https://www.vrbo.com/3918084ha,VRBO,10000,23,264,"<a href='https://www.vrbo.com/3918084ha'>VRBO--3918084ha</a>
<br>
row-num:264"
NA,NA,NA,Townhome,NA,NA,NA,NA,NA,38.01849924,NA,-78.50065665,NA,4,11,NA,3,NA,367,NA,NA,1657766,NA,NA,NA,https://www.vrbo.com/1657766,VRBO,2200,1 night,265,"<a href='https://www.vrbo.com/1657766'>VRBO--1657766</a>
<br>
row-num:265"
NA,NA,NA,House,NA,NA,NA,NA,NA,38.02023182,NA,-78.5230668,1,2,4,NA,NA,NA,145,NA,NA,1322818,NA,NA,NA,https://www.vrbo.com/1322818,VRBO,800,2,266,"<a href='https://www.vrbo.com/1322818'>VRBO--1322818</a>
<br>
row-num:266"
NA,NA,NA,House,NA,NA,NA,NA,NA,38.02658538,NA,-78.51967436,NA,3,8,NA,3,NA,203,NA,NA,4647389ha,NA,NA,NA,https://www.vrbo.com/4647389ha,VRBO,1100,23,267,"<a href='https://www.vrbo.com/4647389ha'>VRBO--4647389ha</a>
<br>
row-num:267"
NA,NA,NA,Townhome,NA,NA,NA,NA,NA,38.06836217,NA,-78.49907218,NA,2,4,NA,NA,NA,350,NA,NA,1611268,NA,NA,NA,https://www.vrbo.com/1611268,VRBO,0,2,268,"<a href='https://www.vrbo.com/1611268'>VRBO--1611268</a>
<br>
row-num:268"
NA,NA,NA,House,NA,NA,NA,NA,NA,38.06788594,NA,-78.51041602,NA,3,6,NA,NA,NA,485,NA,NA,1611497,NA,NA,NA,https://www.vrbo.com/1611497,VRBO,2100,2,269,"<a href='https://www.vrbo.com/1611497'>VRBO--1611497</a>
<br>
row-num:269"
NA,NA,NA,Townhome,NA,NA,NA,NA,NA,38.0156816,NA,-78.5001524,NA,3,10,NA,NA,NA,336,NA,NA,1657808,NA,NA,NA,https://www.vrbo.com/1657808,VRBO,0,1 night,270,"<a href='https://www.vrbo.com/1657808'>VRBO--1657808</a>
<br>
row-num:270"
NA,NA,NA,House,NA,NA,NA,NA,NA,38.05402738,NA,-78.52826127,4,5,10,NA,4,NA,781,NA,NA,4064053ha,NA,NA,NA,https://www.vrbo.com/4064053ha,VRBO,48438,23,271,"<a href='https://www.vrbo.com/4064053ha'>VRBO--4064053ha</a>
<br>
row-num:271"
NA,NA,NA,House,NA,NA,NA,NA,NA,38.06404771,NA,-78.53172953,NA,5,14,NA,3,NA,1293,NA,NA,509731,NA,NA,NA,https://www.vrbo.com/509731,VRBO,0,3,272,"<a href='https://www.vrbo.com/509731'>VRBO--509731</a>
<br>
row-num:272"
NA,NA,NA,House,NA,NA,NA,NA,NA,38.023357,NA,-78.475416,NA,3,6,NA,19,NA,293,4.9,NA,809871,NA,NA,NA,https://www.vrbo.com/809871,VRBO,1900,2,273,"<a href='https://www.vrbo.com/809871'>VRBO--809871</a>
<br>
row-num:273"
NA,NA,NA,House,NA,NA,NA,NA,NA,38.0258676,NA,-78.49975178,1,2,4,NA,NA,NA,208,NA,NA,7388324ha,NA,NA,NA,https://www.vrbo.com/7388324ha,VRBO,950,23,274,"<a href='https://www.vrbo.com/7388324ha'>VRBO--7388324ha</a>
<br>
row-num:274"
NA,NA,NA,House,NA,NA,NA,NA,NA,38.04050226,NA,-78.5132148,2,3,6,NA,NA,NA,0,NA,NA,1580590,NA,NA,NA,https://www.vrbo.com/1580590,VRBO,0,3,275,"<a href='https://www.vrbo.com/1580590'>VRBO--1580590</a>
<br>
row-num:275"
NA,NA,NA,House,NA,NA,NA,NA,NA,38.05910987,NA,-78.51266648,3,4,10,NA,NA,NA,175,NA,NA,1824540,NA,NA,NA,https://www.vrbo.com/1824540,VRBO,0,30,276,"<a href='https://www.vrbo.com/1824540'>VRBO--1824540</a>
<br>
row-num:276"
NA,NA,NA,House,NA,NA,NA,NA,NA,38.017836,NA,-78.516586,NA,6,10,NA,9,NA,3000,5,NA,472830,NA,NA,NA,https://www.vrbo.com/472830,VRBO,5500,2,277,"<a href='https://www.vrbo.com/472830'>VRBO--472830</a>
<br>
row-num:277"
NA,NA,NA,Townhome,NA,NA,NA,NA,NA,38.03968798,NA,-78.4468473,NA,3,12,NA,NA,NA,950,NA,NA,1248151,NA,NA,NA,https://www.vrbo.com/1248151,VRBO,1980,2,278,"<a href='https://www.vrbo.com/1248151'>VRBO--1248151</a>
<br>
row-num:278"
NA,NA,NA,Apartment,NA,NA,NA,NA,NA,38.038284,NA,-78.461338,1,1,2,NA,15,NA,67,4.7,NA,759189,NA,NA,NA,https://www.vrbo.com/759189,VRBO,300,2,279,"<a href='https://www.vrbo.com/759189'>VRBO--759189</a>
<br>
row-num:279"
NA,NA,NA,House,NA,NA,NA,NA,NA,38.028735,NA,-78.463057,2,3,5,NA,11,NA,190,4.9,NA,3818360ha,NA,NA,NA,https://www.vrbo.com/3818360ha,VRBO,1400,2,280,"<a href='https://www.vrbo.com/3818360ha'>VRBO--3818360ha</a>
<br>
row-num:280"
NA,NA,NA,Apartment,NA,NA,NA,NA,NA,38.02429644,NA,-78.47003165,NA,2,4,NA,NA,NA,231,NA,NA,9165066ha,NA,NA,NA,https://www.vrbo.com/9165066ha,VRBO,1140,NA,281,"<a href='https://www.vrbo.com/9165066ha'>VRBO--9165066ha</a>
<br>
row-num:281"
NA,NA,NA,House,NA,NA,NA,NA,NA,38.0462709,NA,-78.4988347,3,5,9,NA,12,NA,302,4.8,NA,7412235ha,NA,NA,NA,https://www.vrbo.com/7412235ha,VRBO,0,12,282,"<a href='https://www.vrbo.com/7412235ha'>VRBO--7412235ha</a>
<br>
row-num:282"
NA,NA,NA,House,NA,NA,NA,NA,NA,38.02637189,NA,-78.47850078,1,1,3,NA,4,NA,98,NA,NA,1310401,NA,NA,NA,https://www.vrbo.com/1310401,VRBO,0,1 night,283,"<a href='https://www.vrbo.com/1310401'>VRBO--1310401</a>
<br>
row-num:283"
NA,NA,NA,Condo,NA,NA,NA,NA,NA,38.02684123,NA,-78.45891103,1,1,4,NA,NA,NA,104,NA,NA,1814685,NA,NA,NA,https://www.vrbo.com/1814685,VRBO,1,1 night,284,"<a href='https://www.vrbo.com/1814685'>VRBO--1814685</a>
<br>
row-num:284"
NA,NA,NA,Guest House,NA,NA,NA,NA,NA,38.043218,NA,-78.5318808,1,2,4,NA,17,NA,288,5,NA,1386218,NA,NA,NA,https://www.vrbo.com/1386218,VRBO,1200,23,285,"<a href='https://www.vrbo.com/1386218'>VRBO--1386218</a>
<br>
row-num:285"
NA,NA,NA,House,NA,NA,NA,NA,NA,38.0493127,NA,-78.5000998,NA,3,6,NA,4,NA,650,NA,NA,1399878,NA,NA,NA,https://www.vrbo.com/1399878,VRBO,3900,2,286,"<a href='https://www.vrbo.com/1399878'>VRBO--1399878</a>
<br>
row-num:286"
NA,NA,NA,House,NA,NA,NA,NA,NA,38.03050096,NA,-78.4954016,2,4,8,NA,8,NA,455,4.9,NA,7160450ha,NA,NA,NA,https://www.vrbo.com/7160450ha,VRBO,2064,23,287,"<a href='https://www.vrbo.com/7160450ha'>VRBO--7160450ha</a>
<br>
row-num:287"
NA,NA,NA,House,NA,NA,NA,NA,NA,38.02020074,NA,-78.45960671,2,3,6,NA,7,NA,609,3.9,NA,7160482ha,NA,NA,NA,https://www.vrbo.com/7160482ha,VRBO,2200,23,288,"<a href='https://www.vrbo.com/7160482ha'>VRBO--7160482ha</a>
<br>
row-num:288"
NA,NA,NA,Condo,NA,NA,NA,NA,NA,38.03219656,NA,-78.48603674,2,1,4,NA,4,NA,203,NA,NA,7160480ha,NA,NA,NA,https://www.vrbo.com/7160480ha,VRBO,890,23,289,"<a href='https://www.vrbo.com/7160480ha'>VRBO--7160480ha</a>
<br>
row-num:289"
NA,NA,NA,House,NA,NA,NA,NA,NA,38.03103862,NA,-78.47352079,2,4,7,NA,14,NA,279,4.4,NA,921632ha,NA,NA,NA,https://www.vrbo.com/921632ha,VRBO,1564,23,290,"<a href='https://www.vrbo.com/921632ha'>VRBO--921632ha</a>
<br>
row-num:290"
NA,NA,NA,Hotel,NA,NA,NA,NA,NA,38.03307084,NA,-78.48766006,NA,1,2,NA,NA,NA,190,NA,NA,7160444ha,NA,NA,NA,https://www.vrbo.com/7160444ha,VRBO,253,NA,291,"<a href='https://www.vrbo.com/7160444ha'>VRBO--7160444ha</a>
<br>
row-num:291"
NA,NA,NA,Cottage,NA,NA,NA,NA,NA,38.0286989,NA,-78.4667803,2,4,5,NA,NA,NA,197,NA,NA,1727825,NA,NA,NA,https://www.vrbo.com/1727825,VRBO,1062,3,292,"<a href='https://www.vrbo.com/1727825'>VRBO--1727825</a>
<br>
row-num:292"
NA,NA,NA,House,NA,NA,NA,NA,NA,38.03008,NA,-78.511601,2,3,6,NA,36,NA,400,4.9,NA,587223,NA,NA,NA,https://www.vrbo.com/587223,VRBO,1900,2,293,"<a href='https://www.vrbo.com/587223'>VRBO--587223</a>
<br>
row-num:293"
NA,NA,NA,Cottage,NA,NA,NA,NA,NA,38.017345,NA,-78.5166033,1,1,4,NA,12,NA,135,4.9,NA,1170096,NA,NA,NA,https://www.vrbo.com/1170096,VRBO,1000,23,294,"<a href='https://www.vrbo.com/1170096'>VRBO--1170096</a>
<br>
row-num:294"
NA,NA,NA,House,NA,NA,NA,NA,NA,38.0413231,NA,-78.4610854,1,3,6,NA,10,NA,125,4.9,NA,1522722,NA,NA,NA,https://www.vrbo.com/1522722,VRBO,1000,2,295,"<a href='https://www.vrbo.com/1522722'>VRBO--1522722</a>
<br>
row-num:295"
NA,NA,NA,Studio,NA,NA,NA,NA,NA,38.0555732,NA,-78.4609188,1,1,2,NA,8,NA,104,4.8,NA,4999603ha,NA,NA,NA,https://www.vrbo.com/4999603ha,VRBO,300,1 night,296,"<a href='https://www.vrbo.com/4999603ha'>VRBO--4999603ha</a>
<br>
row-num:296"
NA,NA,NA,House,NA,NA,NA,NA,NA,38.0477656,NA,-78.4937298,2,3,6,NA,NA,NA,600,NA,NA,1899947,NA,NA,NA,https://www.vrbo.com/1899947,VRBO,0,2,297,"<a href='https://www.vrbo.com/1899947'>VRBO--1899947</a>
<br>
row-num:297"
NA,NA,NA,House,NA,NA,NA,NA,NA,38.0261075,NA,-78.4661586,2,2,6,NA,NA,NA,186,NA,NA,1883930,NA,NA,NA,https://www.vrbo.com/1883930,VRBO,1600,23,298,"<a href='https://www.vrbo.com/1883930'>VRBO--1883930</a>
<br>
row-num:298"
NA,NA,NA,House,NA,NA,NA,NA,NA,38.01512834,NA,-78.47126853,2,3,6,NA,NA,NA,175,NA,NA,1845679,NA,NA,NA,https://www.vrbo.com/1845679,VRBO,0,2,299,"<a href='https://www.vrbo.com/1845679'>VRBO--1845679</a>
<br>
row-num:299"
NA,NA,NA,House,NA,NA,NA,NA,NA,38.03742389,NA,-78.45881205,2,2,4,NA,3,NA,310,NA,NA,7160437ha,NA,NA,NA,https://www.vrbo.com/7160437ha,VRBO,15220,23,300,"<a href='https://www.vrbo.com/7160437ha'>VRBO--7160437ha</a>
<br>
row-num:300"
NA,NA,NA,House,NA,NA,NA,NA,NA,38.0223169,NA,-78.4990384,2,4,10,NA,17,NA,150,4.3,NA,1169611,NA,NA,NA,https://www.vrbo.com/1169611,VRBO,2300,2,301,"<a href='https://www.vrbo.com/1169611'>VRBO--1169611</a>
<br>
row-num:301"
NA,NA,NA,Bed And Breakfast,NA,NA,NA,NA,NA,38.0248146,NA,-78.4690158,1,2,6,NA,NA,NA,200,NA,NA,9371995ha,NA,NA,NA,https://www.vrbo.com/9371995ha,VRBO,0,1 night,302,"<a href='https://www.vrbo.com/9371995ha'>VRBO--9371995ha</a>
<br>
row-num:302"
NA,NA,NA,Condo,NA,NA,NA,NA,NA,38.03393809,NA,-78.4775205,1,1,4,NA,NA,NA,212,NA,NA,7160469ha,NA,NA,NA,https://www.vrbo.com/7160469ha,VRBO,950,23,303,"<a href='https://www.vrbo.com/7160469ha'>VRBO--7160469ha</a>
<br>
row-num:303"
NA,NA,NA,Condo,NA,NA,NA,NA,NA,38.02922893,NA,-78.48251746,NA,1,4,NA,NA,NA,220,NA,NA,7160481ha,NA,NA,NA,https://www.vrbo.com/7160481ha,VRBO,890,NA,304,"<a href='https://www.vrbo.com/7160481ha'>VRBO--7160481ha</a>
<br>
row-num:304"
NA,NA,NA,Cottage,NA,NA,NA,NA,NA,38.04902444,NA,-78.53070772,2,2,4,NA,23,NA,229,5,NA,1196803,NA,NA,NA,https://www.vrbo.com/1196803,VRBO,0,2,305,"<a href='https://www.vrbo.com/1196803'>VRBO--1196803</a>
<br>
row-num:305"
NA,NA,NA,House,NA,NA,NA,NA,NA,38.066228,NA,-78.4946545,NA,3,6,NA,4,NA,275,NA,NA,1757634,NA,NA,NA,https://www.vrbo.com/1757634,VRBO,0,2,306,"<a href='https://www.vrbo.com/1757634'>VRBO--1757634</a>
<br>
row-num:306"
NA,NA,NA,House,NA,NA,NA,NA,NA,38.03951311,NA,-78.45585163,1,1,4,NA,NA,NA,121,NA,NA,9279561ha,NA,NA,NA,https://www.vrbo.com/9279561ha,VRBO,0,12,307,"<a href='https://www.vrbo.com/9279561ha'>VRBO--9279561ha</a>
<br>
row-num:307"
NA,NA,NA,Cottage,NA,NA,NA,NA,NA,38.05556,NA,-78.4601,1,1,4,NA,2,NA,95,NA,NA,7443310ha,NA,NA,NA,https://www.vrbo.com/7443310ha,VRBO,1100,23,308,"<a href='https://www.vrbo.com/7443310ha'>VRBO--7443310ha</a>
<br>
row-num:308"
NA,NA,NA,House,NA,NA,NA,NA,NA,38.02426149,NA,-78.52078002,1,2,4,NA,6,NA,118,4.8,NA,1179869,NA,NA,NA,https://www.vrbo.com/1179869,VRBO,800,2,309,"<a href='https://www.vrbo.com/1179869'>VRBO--1179869</a>
<br>
row-num:309"
NA,NA,NA,House,NA,NA,NA,NA,NA,38.03781097,NA,-78.50838033,NA,4,8,NA,5,NA,640,5,NA,7160440ha,NA,NA,NA,https://www.vrbo.com/7160440ha,VRBO,3830,23,310,"<a href='https://www.vrbo.com/7160440ha'>VRBO--7160440ha</a>
<br>
row-num:310"
NA,NA,NA,House,NA,NA,NA,NA,NA,38.03390168,NA,-78.47147558,NA,5,14,NA,16,NA,703,4.8,NA,1050016,NA,NA,NA,https://www.vrbo.com/1050016,VRBO,5000,24,311,"<a href='https://www.vrbo.com/1050016'>VRBO--1050016</a>
<br>
row-num:311"
NA,NA,NA,House,NA,NA,NA,NA,NA,38.02166805,NA,-78.4713566,1,1,3,NA,NA,NA,98,NA,NA,1293096,NA,NA,NA,https://www.vrbo.com/1293096,VRBO,0,1 night,312,"<a href='https://www.vrbo.com/1293096'>VRBO--1293096</a>
<br>
row-num:312"
NA,NA,NA,House,NA,NA,NA,NA,NA,38.0420052,NA,-78.4855244,4,3,6,NA,NA,NA,110,NA,NA,887368,NA,NA,NA,https://www.vrbo.com/887368,VRBO,3000,5,313,"<a href='https://www.vrbo.com/887368'>VRBO--887368</a>
<br>
row-num:313"
NA,NA,NA,House,NA,NA,NA,NA,NA,38.04132037,NA,-78.50885115,2,3,6,NA,NA,NA,417,NA,NA,9165054ha,NA,NA,NA,https://www.vrbo.com/9165054ha,VRBO,0,23,314,"<a href='https://www.vrbo.com/9165054ha'>VRBO--9165054ha</a>
<br>
row-num:314"
NA,NA,NA,Cottage,NA,NA,NA,NA,NA,38.05586,NA,-78.4598,1,1,2,NA,NA,NA,95,NA,NA,9251460ha,NA,NA,NA,https://www.vrbo.com/9251460ha,VRBO,1100,23,315,"<a href='https://www.vrbo.com/9251460ha'>VRBO--9251460ha</a>
<br>
row-num:315"
NA,NA,NA,Condo,NA,NA,NA,NA,NA,38.06718587,NA,-78.49804951,1,2,6,NA,40,NA,145,4.5,NA,505005,NA,NA,NA,https://www.vrbo.com/505005,VRBO,860,2,316,"<a href='https://www.vrbo.com/505005'>VRBO--505005</a>
<br>
row-num:316"
NA,NA,NA,Apartment,NA,NA,NA,NA,NA,38.0291577,NA,-78.493354,1,1,4,NA,NA,NA,85,NA,NA,1188958,NA,NA,NA,https://www.vrbo.com/1188958,VRBO,0,7,317,"<a href='https://www.vrbo.com/1188958'>VRBO--1188958</a>
<br>
row-num:317"
NA,NA,NA,Studio,NA,NA,NA,NA,NA,38.04379626,NA,-78.49801678,1,1,3,NA,NA,NA,357,NA,NA,7186080ha,NA,NA,NA,https://www.vrbo.com/7186080ha,VRBO,550,13,318,"<a href='https://www.vrbo.com/7186080ha'>VRBO--7186080ha</a>
<br>
row-num:318"
NA,NA,NA,Apartment,NA,NA,NA,NA,NA,38.02721491,NA,-78.51269038,1,2,6,NA,NA,NA,250,NA,NA,4961946ha,NA,NA,NA,https://www.vrbo.com/4961946ha,VRBO,0,2,319,"<a href='https://www.vrbo.com/4961946ha'>VRBO--4961946ha</a>
<br>
row-num:319"
NA,NA,NA,House,NA,NA,NA,NA,NA,38.01488026,NA,-78.50952075,3,4,8,NA,10,NA,484,5,NA,4463796ha,NA,NA,NA,https://www.vrbo.com/4463796ha,VRBO,2500,23,320,"<a href='https://www.vrbo.com/4463796ha'>VRBO--4463796ha</a>
<br>
row-num:320"
NA,NA,NA,House,NA,NA,NA,NA,NA,38.04115276,NA,-78.49745731,3,4,10,NA,NA,NA,1092,NA,NA,1864784,NA,NA,NA,https://www.vrbo.com/1864784,VRBO,2000,2,321,"<a href='https://www.vrbo.com/1864784'>VRBO--1864784</a>
<br>
row-num:321"
NA,NA,NA,House,NA,NA,NA,NA,NA,38.04848588,NA,-78.49210186,5,5,10,NA,10,NA,693,4.9,NA,4639060ha,NA,NA,NA,https://www.vrbo.com/4639060ha,VRBO,4424,23,322,"<a href='https://www.vrbo.com/4639060ha'>VRBO--4639060ha</a>
<br>
row-num:322"
NA,NA,NA,House,NA,NA,NA,NA,NA,38.0519252,NA,-78.53277234,NA,2,6,NA,9,NA,349,4.6,NA,928312ha,NA,NA,NA,https://www.vrbo.com/928312ha,VRBO,1700,NA,323,"<a href='https://www.vrbo.com/928312ha'>VRBO--928312ha</a>
<br>
row-num:323"
NA,NA,NA,House,NA,NA,NA,NA,NA,38.05150803,NA,-78.46479281,4,5,22,NA,38,NA,1054,5,NA,1066482,NA,NA,NA,https://www.vrbo.com/1066482,VRBO,5500,13,324,"<a href='https://www.vrbo.com/1066482'>VRBO--1066482</a>
<br>
row-num:324"
NA,NA,NA,House,NA,NA,NA,NA,NA,38.04491594,NA,-78.46257805,1,1,4,NA,NA,NA,188,NA,NA,7388326ha,NA,NA,NA,https://www.vrbo.com/7388326ha,VRBO,0,23,325,"<a href='https://www.vrbo.com/7388326ha'>VRBO--7388326ha</a>
<br>
row-num:325"
NA,NA,NA,House,NA,NA,NA,NA,NA,38.0439077,NA,-78.4984449,4,5,12,NA,6,NA,884,4.5,NA,4290348ha,NA,NA,NA,https://www.vrbo.com/4290348ha,VRBO,7000,24,326,"<a href='https://www.vrbo.com/4290348ha'>VRBO--4290348ha</a>
<br>
row-num:326"
NA,NA,NA,House,NA,NA,NA,NA,NA,38.027752,NA,-78.517177,NA,4,8,NA,NA,NA,482,NA,NA,1827199,NA,NA,NA,https://www.vrbo.com/1827199,VRBO,0,23,327,"<a href='https://www.vrbo.com/1827199'>VRBO--1827199</a>
<br>
row-num:327"
NA,NA,NA,House,NA,NA,NA,NA,NA,38.015243,NA,-78.509534,NA,4,10,NA,26,NA,483,4.9,NA,3728982ha,NA,NA,NA,https://www.vrbo.com/3728982ha,VRBO,3300,23,328,"<a href='https://www.vrbo.com/3728982ha'>VRBO--3728982ha</a>
<br>
row-num:328"
NA,NA,NA,House,NA,NA,NA,NA,NA,38.064106,NA,-78.531949,NA,5,10,NA,46,NA,600,5,NA,178806ha,NA,NA,NA,https://www.vrbo.com/178806ha,VRBO,3900,35,329,"<a href='https://www.vrbo.com/178806ha'>VRBO--178806ha</a>
<br>
row-num:329"
NA,NA,NA,House,NA,NA,NA,NA,NA,38.01888756,NA,-78.49559205,NA,4,12,NA,NA,NA,437,NA,NA,1693143,NA,NA,NA,https://www.vrbo.com/1693143,VRBO,2100,2,330,"<a href='https://www.vrbo.com/1693143'>VRBO--1693143</a>
<br>
row-num:330"
NA,NA,NA,House,NA,NA,NA,NA,NA,38.03892332,NA,-78.47788006,1,2,4,NA,NA,NA,166,NA,NA,1875503,NA,NA,NA,https://www.vrbo.com/1875503,VRBO,0,1 night,331,"<a href='https://www.vrbo.com/1875503'>VRBO--1875503</a>
<br>
row-num:331"
NA,NA,NA,House,NA,NA,NA,NA,NA,38.04660758,NA,-78.49709141,2,3,6,NA,NA,NA,395,NA,NA,1884915,NA,NA,NA,https://www.vrbo.com/1884915,VRBO,2620,2,332,"<a href='https://www.vrbo.com/1884915'>VRBO--1884915</a>
<br>
row-num:332"
NA,NA,NA,Apartment,NA,NA,NA,NA,NA,38.02730245,NA,-78.47924714,1,1,2,NA,NA,NA,261,NA,NA,9272721ha,NA,NA,NA,https://www.vrbo.com/9272721ha,VRBO,0,23,333,"<a href='https://www.vrbo.com/9272721ha'>VRBO--9272721ha</a>
<br>
row-num:333"
NA,NA,NA,House,NA,NA,NA,NA,NA,38.02819713,NA,-78.50559252,2,2,4,NA,4,NA,249,NA,NA,7494151ha,NA,NA,NA,https://www.vrbo.com/7494151ha,VRBO,1000,23,334,"<a href='https://www.vrbo.com/7494151ha'>VRBO--7494151ha</a>
<br>
row-num:334"
NA,NA,NA,House,NA,NA,NA,NA,NA,38.033807,NA,-78.47343,2,3,6,NA,4,NA,366,NA,NA,1597579,NA,NA,NA,https://www.vrbo.com/1597579,VRBO,0,23,335,"<a href='https://www.vrbo.com/1597579'>VRBO--1597579</a>
<br>
row-num:335"
NA,NA,NA,Apartment,NA,NA,NA,NA,NA,38.02558472,NA,-78.47761293,1,1,2,NA,NA,NA,160,NA,NA,9165074ha,NA,NA,NA,https://www.vrbo.com/9165074ha,VRBO,897,13,336,"<a href='https://www.vrbo.com/9165074ha'>VRBO--9165074ha</a>
<br>
row-num:336"
NA,NA,NA,Apartment,NA,NA,NA,NA,NA,38.02383598,NA,-78.48068996,1,1,2,NA,NA,NA,162,NA,NA,9165078ha,NA,NA,NA,https://www.vrbo.com/9165078ha,VRBO,464,13,337,"<a href='https://www.vrbo.com/9165078ha'>VRBO--9165078ha</a>
<br>
row-num:337"
NA,NA,NA,Apartment,NA,NA,NA,NA,NA,38.0247148,NA,-78.47894051,NA,1,2,NA,NA,NA,153,NA,NA,9165073ha,NA,NA,NA,https://www.vrbo.com/9165073ha,VRBO,464,NA,338,"<a href='https://www.vrbo.com/9165073ha'>VRBO--9165073ha</a>
<br>
row-num:338"
NA,NA,NA,House,NA,NA,NA,NA,NA,38.03490323,NA,-78.47127919,NA,1,2,NA,NA,NA,192,NA,NA,9165067ha,NA,NA,NA,https://www.vrbo.com/9165067ha,VRBO,850,NA,339,"<a href='https://www.vrbo.com/9165067ha'>VRBO--9165067ha</a>
<br>
row-num:339"
NA,NA,NA,Apartment,NA,NA,NA,NA,NA,38.02595114,NA,-78.47486521,NA,1,2,NA,NA,NA,154,NA,NA,9165072ha,NA,NA,NA,https://www.vrbo.com/9165072ha,VRBO,391,NA,340,"<a href='https://www.vrbo.com/9165072ha'>VRBO--9165072ha</a>
<br>
row-num:340"
NA,NA,NA,Apartment,NA,NA,NA,NA,NA,38.02642351,NA,-78.47429893,1,1,2,NA,NA,NA,189,NA,NA,9165077ha,NA,NA,NA,https://www.vrbo.com/9165077ha,VRBO,536,13,341,"<a href='https://www.vrbo.com/9165077ha'>VRBO--9165077ha</a>
<br>
row-num:341"
NA,NA,NA,Apartment,NA,NA,NA,NA,NA,38.02438181,NA,-78.47475573,1,1,2,NA,NA,NA,174,NA,NA,9165062ha,NA,NA,NA,https://www.vrbo.com/9165062ha,VRBO,480,13,342,"<a href='https://www.vrbo.com/9165062ha'>VRBO--9165062ha</a>
<br>
row-num:342"
NA,NA,NA,Apartment,NA,NA,NA,NA,NA,38.0248116,NA,-78.47377689,NA,1,2,NA,NA,NA,132,NA,NA,9165055ha,NA,NA,NA,https://www.vrbo.com/9165055ha,VRBO,433,NA,343,"<a href='https://www.vrbo.com/9165055ha'>VRBO--9165055ha</a>
<br>
row-num:343"
NA,NA,NA,House,NA,NA,NA,NA,NA,38.02414825,NA,-78.49182293,1,1,4,NA,16,NA,189,4.3,NA,237611ha,NA,NA,NA,https://www.vrbo.com/237611ha,VRBO,844,23,344,"<a href='https://www.vrbo.com/237611ha'>VRBO--237611ha</a>
<br>
row-num:344"
NA,NA,NA,Cottage,NA,NA,NA,NA,NA,38.026869,NA,-78.518238,1,2,5,NA,49,NA,167,4.9,NA,655823,NA,NA,NA,https://www.vrbo.com/655823,VRBO,1050,13,345,"<a href='https://www.vrbo.com/655823'>VRBO--655823</a>
<br>
row-num:345"
NA,NA,NA,Hotel,NA,NA,NA,NA,NA,38.03149294,NA,-78.48122104,1,1,2,NA,2,NA,172,NA,NA,7160442ha,NA,NA,NA,https://www.vrbo.com/7160442ha,VRBO,225,13,346,"<a href='https://www.vrbo.com/7160442ha'>VRBO--7160442ha</a>
<br>
row-num:346"
NA,NA,NA,House,NA,NA,NA,NA,NA,38.02367975,NA,-78.47834214,3,3,6,NA,10,NA,343,4.8,NA,7160483ha,NA,NA,NA,https://www.vrbo.com/7160483ha,VRBO,3150,23,347,"<a href='https://www.vrbo.com/7160483ha'>VRBO--7160483ha</a>
<br>
row-num:347"
NA,NA,NA,Apartment,NA,NA,NA,NA,NA,38.02227501,NA,-78.47710394,1,1,2,NA,NA,NA,155,NA,NA,9165059ha,NA,NA,NA,https://www.vrbo.com/9165059ha,VRBO,571,13,348,"<a href='https://www.vrbo.com/9165059ha'>VRBO--9165059ha</a>
<br>
row-num:348"
NA,NA,NA,Apartment,NA,NA,NA,NA,NA,38.02646755,NA,-78.47048851,1,1,2,NA,NA,NA,165,NA,NA,9165071ha,NA,NA,NA,https://www.vrbo.com/9165071ha,VRBO,621,13,349,"<a href='https://www.vrbo.com/9165071ha'>VRBO--9165071ha</a>
<br>
row-num:349"
NA,NA,NA,Apartment,NA,NA,NA,NA,NA,38.02215514,NA,-78.47596418,1,1,2,NA,NA,NA,177,NA,NA,9165070ha,NA,NA,NA,https://www.vrbo.com/9165070ha,VRBO,480,13,350,"<a href='https://www.vrbo.com/9165070ha'>VRBO--9165070ha</a>
<br>
row-num:350"
NA,NA,NA,House,NA,NA,NA,NA,NA,38.0312842,NA,-78.4788204,1,4,6,NA,13,NA,449,4.3,NA,960092,NA,NA,NA,https://www.vrbo.com/960092,VRBO,2000,2,351,"<a href='https://www.vrbo.com/960092'>VRBO--960092</a>
<br>
row-num:351"
NA,NA,NA,Studio,NA,NA,NA,NA,NA,38.027308,NA,-78.47537632,1,1,2,NA,2,NA,143,NA,NA,7160445ha,NA,NA,NA,https://www.vrbo.com/7160445ha,VRBO,0,23,352,"<a href='https://www.vrbo.com/7160445ha'>VRBO--7160445ha</a>
<br>
row-num:352"
NA,NA,NA,House,NA,NA,NA,NA,NA,38.02741244,NA,-78.47518768,5,4,8,NA,35,NA,452,4.7,NA,326455ha,NA,NA,NA,https://www.vrbo.com/326455ha,VRBO,2960,23,353,"<a href='https://www.vrbo.com/326455ha'>VRBO--326455ha</a>
<br>
row-num:353"
NA,NA,NA,House,NA,NA,NA,NA,NA,38.03068367,NA,-78.5091197,NA,3,8,NA,5,NA,430,4.8,NA,7388327ha,NA,NA,NA,https://www.vrbo.com/7388327ha,VRBO,3123,23,354,"<a href='https://www.vrbo.com/7388327ha'>VRBO--7388327ha</a>
<br>
row-num:354"
NA,NA,NA,House,NA,NA,NA,NA,NA,38.027503,NA,-78.462371,2,3,8,NA,50,NA,140,4,NA,697200,NA,NA,NA,https://www.vrbo.com/697200,VRBO,0,2,355,"<a href='https://www.vrbo.com/697200'>VRBO--697200</a>
<br>
row-num:355"
NA,NA,NA,House,NA,NA,NA,NA,NA,38.0259342,NA,-78.4657479,1,2,4,NA,39,NA,125,4.9,NA,1269877,NA,NA,NA,https://www.vrbo.com/1269877,VRBO,0,2,356,"<a href='https://www.vrbo.com/1269877'>VRBO--1269877</a>
<br>
row-num:356"
NA,NA,NA,House,NA,NA,NA,NA,NA,38.029996,NA,-78.48872875,NA,2,5,NA,49,NA,175,4.8,NA,1006784,NA,NA,NA,https://www.vrbo.com/1006784,VRBO,995,24,357,"<a href='https://www.vrbo.com/1006784'>VRBO--1006784</a>
<br>
row-num:357"
NA,NA,NA,Cottage,NA,NA,NA,NA,NA,38.026832,NA,-78.474058,1,1,2,NA,25,NA,284,5,NA,785819,NA,NA,NA,https://www.vrbo.com/785819,VRBO,650,23,358,"<a href='https://www.vrbo.com/785819'>VRBO--785819</a>
<br>
row-num:358"
NA,NA,NA,House,NA,NA,NA,NA,NA,38.0338672,NA,-78.4771097,2,2,6,NA,19,NA,375,4.9,NA,694133,NA,NA,NA,https://www.vrbo.com/694133,VRBO,0,2,359,"<a href='https://www.vrbo.com/694133'>VRBO--694133</a>
<br>
row-num:359"
NA,NA,NA,Studio,NA,NA,NA,NA,NA,38.03867608,NA,-78.47430191,1,1,4,NA,NA,NA,60,NA,NA,1899471,NA,NA,NA,https://www.vrbo.com/1899471,VRBO,480,30,360,"<a href='https://www.vrbo.com/1899471'>VRBO--1899471</a>
<br>
row-num:360"
NA,NA,NA,House,NA,NA,NA,NA,NA,38.03502313,NA,-78.48137177,1,1,3,NA,10,NA,87,4.6,NA,4781968ha,NA,NA,NA,https://www.vrbo.com/4781968ha,VRBO,0,1 night,361,"<a href='https://www.vrbo.com/4781968ha'>VRBO--4781968ha</a>
<br>
row-num:361"
NA,NA,NA,House,NA,NA,NA,NA,NA,38.0262628,NA,-78.47444557,2,3,6,NA,5,NA,326,5,NA,7388330ha,NA,NA,NA,https://www.vrbo.com/7388330ha,VRBO,0,23,362,"<a href='https://www.vrbo.com/7388330ha'>VRBO--7388330ha</a>
<br>
row-num:362"
NA,NA,NA,Cottage,NA,NA,NA,NA,NA,38.037173,NA,-78.512092,1,1,4,NA,21,NA,175,4.9,NA,861878,NA,NA,NA,https://www.vrbo.com/861878,VRBO,800,3,363,"<a href='https://www.vrbo.com/861878'>VRBO--861878</a>
<br>
row-num:363"
